ID,Target
ID_ECQME2K x m1,0.0
ID_ECQME2K x m2,0.0
ID_ECQME2K x m3,0.0
ID_ECQME2K x m4,0.0
ID_ECQME2K x m5,0.0
ID_ECQME2K x m6,0.0
ID_2TE361R x m1,0.0
ID_2TE361R x m2,0.0
ID_2TE361R x m3,0.0
ID_2TE361R x m4,0.0
ID_2TE361R x m5,0.0
ID_2TE361R x m6,0.0
ID_HKURNJL x m1,0.0
ID_HKURNJL x m2,0.0
ID_HKURNJL x m3,0.0
ID_HKURNJL x m4,0.0
ID_HKURNJL x m5,0.0
ID_HKURNJL x m6,0.0
ID_DGWMMDW x m1,0.0
ID_DGWMMDW x m2,0.0
ID_DGWMMDW x m3,0.0
ID_DGWMMDW x m4,0.0
ID_DGWMMDW x m5,0.0
ID_DGWMMDW x m6,0.0
ID_B7HBFMG x m1,0.0
ID_B7HBFMG x m2,0.0
ID_B7HBFMG x m3,0.0
ID_B7HBFMG x m4,0.0
ID_B7HBFMG x m5,0.0
ID_B7HBFMG x m6,0.0
ID_CIBQLVJ x m1,0.0
ID_CIBQLVJ x m2,0.0
ID_CIBQLVJ x m3,0.0
ID_CIBQLVJ x m4,0.0
ID_CIBQLVJ x m5,0.0
ID_CIBQLVJ x m6,0.0
ID_ZUPIPZC x m1,0.0
ID_ZUPIPZC x m2,0.0
ID_ZUPIPZC x m3,0.0
ID_ZUPIPZC x m4,0.0
ID_ZUPIPZC x m5,0.0
ID_ZUPIPZC x m6,0.0
ID_COOHB8T x m1,0.0
ID_COOHB8T x m2,0.0
ID_COOHB8T x m3,0.0
ID_COOHB8T x m4,0.0
ID_COOHB8T x m5,0.0
ID_COOHB8T x m6,0.0
ID_9XFA6HV x m1,0.0
ID_9XFA6HV x m2,0.0
ID_9XFA6HV x m3,0.0
ID_9XFA6HV x m4,0.0
ID_9XFA6HV x m5,0.0
ID_9XFA6HV x m6,0.0
ID_TEA2UEB x m1,0.0
ID_TEA2UEB x m2,0.0
ID_TEA2UEB x m3,0.0
ID_TEA2UEB x m4,0.0
ID_TEA2UEB x m5,0.0
ID_TEA2UEB x m6,0.0
ID_37SXS61 x m1,0.0
ID_37SXS61 x m2,0.0
ID_37SXS61 x m3,0.0
ID_37SXS61 x m4,0.0
ID_37SXS61 x m5,0.0
ID_37SXS61 x m6,0.0
ID_0A7EH0S x m1,0.0
ID_0A7EH0S x m2,0.0
ID_0A7EH0S x m3,0.0
ID_0A7EH0S x m4,0.0
ID_0A7EH0S x m5,0.0
ID_0A7EH0S x m6,0.0
ID_PRPSQKK x m1,0.0
ID_PRPSQKK x m2,0.0
ID_PRPSQKK x m3,0.0
ID_PRPSQKK x m4,0.0
ID_PRPSQKK x m5,0.0
ID_PRPSQKK x m6,0.0
ID_BJ6WV9R x m1,0.0
ID_BJ6WV9R x m2,0.0
ID_BJ6WV9R x m3,0.0
ID_BJ6WV9R x m4,0.0
ID_BJ6WV9R x m5,0.0
ID_BJ6WV9R x m6,0.0
ID_I78IZ3E x m1,0.0
ID_I78IZ3E x m2,0.0
ID_I78IZ3E x m3,0.0
ID_I78IZ3E x m4,0.0
ID_I78IZ3E x m5,0.0
ID_I78IZ3E x m6,0.0
ID_HHYNG8I x m1,0.0
ID_HHYNG8I x m2,0.0
ID_HHYNG8I x m3,0.0
ID_HHYNG8I x m4,0.0
ID_HHYNG8I x m5,0.0
ID_HHYNG8I x m6,0.0
ID_FBGV6E9 x m1,0.0
ID_FBGV6E9 x m2,0.0
ID_FBGV6E9 x m3,0.0
ID_FBGV6E9 x m4,0.0
ID_FBGV6E9 x m5,0.0
ID_FBGV6E9 x m6,0.0
ID_JZ78SZ8 x m1,0.0
ID_JZ78SZ8 x m2,0.0
ID_JZ78SZ8 x m3,0.0
ID_JZ78SZ8 x m4,0.0
ID_JZ78SZ8 x m5,0.0
ID_JZ78SZ8 x m6,0.0
ID_HDNUYBR x m1,0.0
ID_HDNUYBR x m2,0.0
ID_HDNUYBR x m3,0.0
ID_HDNUYBR x m4,0.0
ID_HDNUYBR x m5,0.0
ID_HDNUYBR x m6,0.0
ID_NSOF438 x m1,0.0
ID_NSOF438 x m2,0.0
ID_NSOF438 x m3,0.0
ID_NSOF438 x m4,0.0
ID_NSOF438 x m5,0.0
ID_NSOF438 x m6,0.0
ID_LHFKL0M x m1,0.0
ID_LHFKL0M x m2,0.0
ID_LHFKL0M x m3,0.0
ID_LHFKL0M x m4,0.0
ID_LHFKL0M x m5,0.0
ID_LHFKL0M x m6,0.0
ID_U194SWK x m1,0.0
ID_U194SWK x m2,0.0
ID_U194SWK x m3,0.0
ID_U194SWK x m4,0.0
ID_U194SWK x m5,0.0
ID_U194SWK x m6,0.0
ID_Q0WMOQ5 x m1,0.0
ID_Q0WMOQ5 x m2,0.0
ID_Q0WMOQ5 x m3,0.0
ID_Q0WMOQ5 x m4,0.0
ID_Q0WMOQ5 x m5,0.0
ID_Q0WMOQ5 x m6,0.0
ID_D7QA4C4 x m1,0.0
ID_D7QA4C4 x m2,0.0
ID_D7QA4C4 x m3,0.0
ID_D7QA4C4 x m4,0.0
ID_D7QA4C4 x m5,0.0
ID_D7QA4C4 x m6,0.0
ID_3MD6PQO x m1,0.0
ID_3MD6PQO x m2,0.0
ID_3MD6PQO x m3,0.0
ID_3MD6PQO x m4,0.0
ID_3MD6PQO x m5,0.0
ID_3MD6PQO x m6,0.0
ID_ZZUI7BX x m1,0.0
ID_ZZUI7BX x m2,0.0
ID_ZZUI7BX x m3,0.0
ID_ZZUI7BX x m4,0.0
ID_ZZUI7BX x m5,0.0
ID_ZZUI7BX x m6,0.0
ID_9G44VFO x m1,0.0
ID_9G44VFO x m2,0.0
ID_9G44VFO x m3,0.0
ID_9G44VFO x m4,0.0
ID_9G44VFO x m5,0.0
ID_9G44VFO x m6,0.0
ID_NLO727H x m1,0.0
ID_NLO727H x m2,0.0
ID_NLO727H x m3,0.0
ID_NLO727H x m4,0.0
ID_NLO727H x m5,0.0
ID_NLO727H x m6,0.0
ID_L1H32PJ x m1,0.0
ID_L1H32PJ x m2,0.0
ID_L1H32PJ x m3,0.0
ID_L1H32PJ x m4,0.0
ID_L1H32PJ x m5,0.0
ID_L1H32PJ x m6,0.0
ID_B22HA1P x m1,0.0
ID_B22HA1P x m2,0.0
ID_B22HA1P x m3,0.0
ID_B22HA1P x m4,0.0
ID_B22HA1P x m5,0.0
ID_B22HA1P x m6,0.0
ID_NGCET14 x m1,0.0
ID_NGCET14 x m2,0.0
ID_NGCET14 x m3,0.0
ID_NGCET14 x m4,0.0
ID_NGCET14 x m5,0.0
ID_NGCET14 x m6,0.0
ID_CN83BUG x m1,0.0
ID_CN83BUG x m2,0.0
ID_CN83BUG x m3,0.0
ID_CN83BUG x m4,0.0
ID_CN83BUG x m5,0.0
ID_CN83BUG x m6,0.0
ID_2U58GWB x m1,0.0
ID_2U58GWB x m2,0.0
ID_2U58GWB x m3,0.0
ID_2U58GWB x m4,0.0
ID_2U58GWB x m5,0.0
ID_2U58GWB x m6,0.0
ID_XWB1IBC x m1,0.0
ID_XWB1IBC x m2,0.0
ID_XWB1IBC x m3,0.0
ID_XWB1IBC x m4,0.0
ID_XWB1IBC x m5,0.0
ID_XWB1IBC x m6,0.0
ID_CKHSFOU x m1,0.0
ID_CKHSFOU x m2,0.0
ID_CKHSFOU x m3,0.0
ID_CKHSFOU x m4,0.0
ID_CKHSFOU x m5,0.0
ID_CKHSFOU x m6,0.0
ID_45CUGSS x m1,0.0
ID_45CUGSS x m2,0.0
ID_45CUGSS x m3,0.0
ID_45CUGSS x m4,0.0
ID_45CUGSS x m5,0.0
ID_45CUGSS x m6,0.0
ID_9MZ66NK x m1,0.0
ID_9MZ66NK x m2,0.0
ID_9MZ66NK x m3,0.0
ID_9MZ66NK x m4,0.0
ID_9MZ66NK x m5,0.0
ID_9MZ66NK x m6,0.0
ID_D01LK3O x m1,0.0
ID_D01LK3O x m2,0.0
ID_D01LK3O x m3,0.0
ID_D01LK3O x m4,0.0
ID_D01LK3O x m5,0.0
ID_D01LK3O x m6,0.0
ID_SBKJ3BJ x m1,0.0
ID_SBKJ3BJ x m2,0.0
ID_SBKJ3BJ x m3,0.0
ID_SBKJ3BJ x m4,0.0
ID_SBKJ3BJ x m5,0.0
ID_SBKJ3BJ x m6,0.0
ID_VLY8SAC x m1,0.0
ID_VLY8SAC x m2,0.0
ID_VLY8SAC x m3,0.0
ID_VLY8SAC x m4,0.0
ID_VLY8SAC x m5,0.0
ID_VLY8SAC x m6,0.0
ID_6JY3NQI x m1,0.0
ID_6JY3NQI x m2,0.0
ID_6JY3NQI x m3,0.0
ID_6JY3NQI x m4,0.0
ID_6JY3NQI x m5,0.0
ID_6JY3NQI x m6,0.0
ID_D20ZKK8 x m1,0.0
ID_D20ZKK8 x m2,0.0
ID_D20ZKK8 x m3,0.0
ID_D20ZKK8 x m4,0.0
ID_D20ZKK8 x m5,0.0
ID_D20ZKK8 x m6,0.0
ID_NZJ9CHL x m1,0.0
ID_NZJ9CHL x m2,0.0
ID_NZJ9CHL x m3,0.0
ID_NZJ9CHL x m4,0.0
ID_NZJ9CHL x m5,0.0
ID_NZJ9CHL x m6,0.0
ID_PMSKEXG x m1,0.0
ID_PMSKEXG x m2,0.0
ID_PMSKEXG x m3,0.0
ID_PMSKEXG x m4,0.0
ID_PMSKEXG x m5,0.0
ID_PMSKEXG x m6,0.0
ID_BEMV6LR x m1,0.0
ID_BEMV6LR x m2,0.0
ID_BEMV6LR x m3,0.0
ID_BEMV6LR x m4,0.0
ID_BEMV6LR x m5,0.0
ID_BEMV6LR x m6,0.0
ID_O04VTDW x m1,0.0
ID_O04VTDW x m2,0.0
ID_O04VTDW x m3,0.0
ID_O04VTDW x m4,0.0
ID_O04VTDW x m5,0.0
ID_O04VTDW x m6,0.0
ID_X61C9LW x m1,0.0
ID_X61C9LW x m2,0.0
ID_X61C9LW x m3,0.0
ID_X61C9LW x m4,0.0
ID_X61C9LW x m5,0.0
ID_X61C9LW x m6,0.0
ID_ERSTZV1 x m1,0.0
ID_ERSTZV1 x m2,0.0
ID_ERSTZV1 x m3,0.0
ID_ERSTZV1 x m4,0.0
ID_ERSTZV1 x m5,0.0
ID_ERSTZV1 x m6,0.0
ID_TKCCV3E x m1,0.0
ID_TKCCV3E x m2,0.0
ID_TKCCV3E x m3,0.0
ID_TKCCV3E x m4,0.0
ID_TKCCV3E x m5,0.0
ID_TKCCV3E x m6,0.0
ID_KFZ18MG x m1,0.0
ID_KFZ18MG x m2,0.0
ID_KFZ18MG x m3,0.0
ID_KFZ18MG x m4,0.0
ID_KFZ18MG x m5,0.0
ID_KFZ18MG x m6,0.0
ID_HOT33CH x m1,0.0
ID_HOT33CH x m2,0.0
ID_HOT33CH x m3,0.0
ID_HOT33CH x m4,0.0
ID_HOT33CH x m5,0.0
ID_HOT33CH x m6,0.0
ID_46IG4PQ x m1,0.0
ID_46IG4PQ x m2,0.0
ID_46IG4PQ x m3,0.0
ID_46IG4PQ x m4,0.0
ID_46IG4PQ x m5,0.0
ID_46IG4PQ x m6,0.0
ID_PJE4LPA x m1,0.0
ID_PJE4LPA x m2,0.0
ID_PJE4LPA x m3,0.0
ID_PJE4LPA x m4,0.0
ID_PJE4LPA x m5,0.0
ID_PJE4LPA x m6,0.0
ID_GD9QA6O x m1,0.0
ID_GD9QA6O x m2,0.0
ID_GD9QA6O x m3,0.0
ID_GD9QA6O x m4,0.0
ID_GD9QA6O x m5,0.0
ID_GD9QA6O x m6,0.0
ID_YHRRG2A x m1,0.0
ID_YHRRG2A x m2,0.0
ID_YHRRG2A x m3,0.0
ID_YHRRG2A x m4,0.0
ID_YHRRG2A x m5,0.0
ID_YHRRG2A x m6,0.0
ID_N4VBU6U x m1,0.0
ID_N4VBU6U x m2,0.0
ID_N4VBU6U x m3,0.0
ID_N4VBU6U x m4,0.0
ID_N4VBU6U x m5,0.0
ID_N4VBU6U x m6,0.0
ID_2ALD08M x m1,0.0
ID_2ALD08M x m2,0.0
ID_2ALD08M x m3,0.0
ID_2ALD08M x m4,0.0
ID_2ALD08M x m5,0.0
ID_2ALD08M x m6,0.0
ID_CJPVBKV x m1,0.0
ID_CJPVBKV x m2,0.0
ID_CJPVBKV x m3,0.0
ID_CJPVBKV x m4,0.0
ID_CJPVBKV x m5,0.0
ID_CJPVBKV x m6,0.0
ID_5KJNAPP x m1,0.0
ID_5KJNAPP x m2,0.0
ID_5KJNAPP x m3,0.0
ID_5KJNAPP x m4,0.0
ID_5KJNAPP x m5,0.0
ID_5KJNAPP x m6,0.0
ID_5MJD52J x m1,0.0
ID_5MJD52J x m2,0.0
ID_5MJD52J x m3,0.0
ID_5MJD52J x m4,0.0
ID_5MJD52J x m5,0.0
ID_5MJD52J x m6,0.0
ID_OI6C4EB x m1,0.0
ID_OI6C4EB x m2,0.0
ID_OI6C4EB x m3,0.0
ID_OI6C4EB x m4,0.0
ID_OI6C4EB x m5,0.0
ID_OI6C4EB x m6,0.0
ID_GFI0Z45 x m1,0.0
ID_GFI0Z45 x m2,0.0
ID_GFI0Z45 x m3,0.0
ID_GFI0Z45 x m4,0.0
ID_GFI0Z45 x m5,0.0
ID_GFI0Z45 x m6,0.0
ID_AUO4UHR x m1,0.0
ID_AUO4UHR x m2,0.0
ID_AUO4UHR x m3,0.0
ID_AUO4UHR x m4,0.0
ID_AUO4UHR x m5,0.0
ID_AUO4UHR x m6,0.0
ID_5SJ0Y2S x m1,0.0
ID_5SJ0Y2S x m2,0.0
ID_5SJ0Y2S x m3,0.0
ID_5SJ0Y2S x m4,0.0
ID_5SJ0Y2S x m5,0.0
ID_5SJ0Y2S x m6,0.0
ID_YK8DO7V x m1,0.0
ID_YK8DO7V x m2,0.0
ID_YK8DO7V x m3,0.0
ID_YK8DO7V x m4,0.0
ID_YK8DO7V x m5,0.0
ID_YK8DO7V x m6,0.0
ID_XPVGK37 x m1,0.0
ID_XPVGK37 x m2,0.0
ID_XPVGK37 x m3,0.0
ID_XPVGK37 x m4,0.0
ID_XPVGK37 x m5,0.0
ID_XPVGK37 x m6,0.0
ID_X53S4Y7 x m1,0.0
ID_X53S4Y7 x m2,0.0
ID_X53S4Y7 x m3,0.0
ID_X53S4Y7 x m4,0.0
ID_X53S4Y7 x m5,0.0
ID_X53S4Y7 x m6,0.0
ID_TSKUWS1 x m1,0.0
ID_TSKUWS1 x m2,0.0
ID_TSKUWS1 x m3,0.0
ID_TSKUWS1 x m4,0.0
ID_TSKUWS1 x m5,0.0
ID_TSKUWS1 x m6,0.0
ID_NVMHJPS x m1,0.0
ID_NVMHJPS x m2,0.0
ID_NVMHJPS x m3,0.0
ID_NVMHJPS x m4,0.0
ID_NVMHJPS x m5,0.0
ID_NVMHJPS x m6,0.0
ID_3ZW2B67 x m1,0.0
ID_3ZW2B67 x m2,0.0
ID_3ZW2B67 x m3,0.0
ID_3ZW2B67 x m4,0.0
ID_3ZW2B67 x m5,0.0
ID_3ZW2B67 x m6,0.0
ID_DKK49H0 x m1,0.0
ID_DKK49H0 x m2,0.0
ID_DKK49H0 x m3,0.0
ID_DKK49H0 x m4,0.0
ID_DKK49H0 x m5,0.0
ID_DKK49H0 x m6,0.0
ID_XWCYU4S x m1,0.0
ID_XWCYU4S x m2,0.0
ID_XWCYU4S x m3,0.0
ID_XWCYU4S x m4,0.0
ID_XWCYU4S x m5,0.0
ID_XWCYU4S x m6,0.0
ID_TU3DQ2X x m1,0.0
ID_TU3DQ2X x m2,0.0
ID_TU3DQ2X x m3,0.0
ID_TU3DQ2X x m4,0.0
ID_TU3DQ2X x m5,0.0
ID_TU3DQ2X x m6,0.0
ID_UN1HH12 x m1,0.0
ID_UN1HH12 x m2,0.0
ID_UN1HH12 x m3,0.0
ID_UN1HH12 x m4,0.0
ID_UN1HH12 x m5,0.0
ID_UN1HH12 x m6,0.0
ID_9JO76RH x m1,0.0
ID_9JO76RH x m2,0.0
ID_9JO76RH x m3,0.0
ID_9JO76RH x m4,0.0
ID_9JO76RH x m5,0.0
ID_9JO76RH x m6,0.0
ID_O5V989Z x m1,0.0
ID_O5V989Z x m2,0.0
ID_O5V989Z x m3,0.0
ID_O5V989Z x m4,0.0
ID_O5V989Z x m5,0.0
ID_O5V989Z x m6,0.0
ID_KMC0FG6 x m1,0.0
ID_KMC0FG6 x m2,0.0
ID_KMC0FG6 x m3,0.0
ID_KMC0FG6 x m4,0.0
ID_KMC0FG6 x m5,0.0
ID_KMC0FG6 x m6,0.0
ID_L33PUA2 x m1,0.0
ID_L33PUA2 x m2,0.0
ID_L33PUA2 x m3,0.0
ID_L33PUA2 x m4,0.0
ID_L33PUA2 x m5,0.0
ID_L33PUA2 x m6,0.0
ID_4A5R83L x m1,0.0
ID_4A5R83L x m2,0.0
ID_4A5R83L x m3,0.0
ID_4A5R83L x m4,0.0
ID_4A5R83L x m5,0.0
ID_4A5R83L x m6,0.0
ID_JQ02WUN x m1,0.0
ID_JQ02WUN x m2,0.0
ID_JQ02WUN x m3,0.0
ID_JQ02WUN x m4,0.0
ID_JQ02WUN x m5,0.0
ID_JQ02WUN x m6,0.0
ID_KNYSNA1 x m1,0.0
ID_KNYSNA1 x m2,0.0
ID_KNYSNA1 x m3,0.0
ID_KNYSNA1 x m4,0.0
ID_KNYSNA1 x m5,0.0
ID_KNYSNA1 x m6,0.0
ID_KSW9MKH x m1,0.0
ID_KSW9MKH x m2,0.0
ID_KSW9MKH x m3,0.0
ID_KSW9MKH x m4,0.0
ID_KSW9MKH x m5,0.0
ID_KSW9MKH x m6,0.0
ID_PBLG5M1 x m1,0.0
ID_PBLG5M1 x m2,0.0
ID_PBLG5M1 x m3,0.0
ID_PBLG5M1 x m4,0.0
ID_PBLG5M1 x m5,0.0
ID_PBLG5M1 x m6,0.0
ID_9QWOYCP x m1,0.0
ID_9QWOYCP x m2,0.0
ID_9QWOYCP x m3,0.0
ID_9QWOYCP x m4,0.0
ID_9QWOYCP x m5,0.0
ID_9QWOYCP x m6,0.0
ID_TXLISWT x m1,0.0
ID_TXLISWT x m2,0.0
ID_TXLISWT x m3,0.0
ID_TXLISWT x m4,0.0
ID_TXLISWT x m5,0.0
ID_TXLISWT x m6,0.0
ID_IRGBP6G x m1,0.0
ID_IRGBP6G x m2,0.0
ID_IRGBP6G x m3,0.0
ID_IRGBP6G x m4,0.0
ID_IRGBP6G x m5,0.0
ID_IRGBP6G x m6,0.0
ID_OSWO94J x m1,0.0
ID_OSWO94J x m2,0.0
ID_OSWO94J x m3,0.0
ID_OSWO94J x m4,0.0
ID_OSWO94J x m5,0.0
ID_OSWO94J x m6,0.0
ID_YFLPPTQ x m1,0.0
ID_YFLPPTQ x m2,0.0
ID_YFLPPTQ x m3,0.0
ID_YFLPPTQ x m4,0.0
ID_YFLPPTQ x m5,0.0
ID_YFLPPTQ x m6,0.0
ID_RT6D7UV x m1,0.0
ID_RT6D7UV x m2,0.0
ID_RT6D7UV x m3,0.0
ID_RT6D7UV x m4,0.0
ID_RT6D7UV x m5,0.0
ID_RT6D7UV x m6,0.0
ID_XPPWX11 x m1,0.0
ID_XPPWX11 x m2,0.0
ID_XPPWX11 x m3,0.0
ID_XPPWX11 x m4,0.0
ID_XPPWX11 x m5,0.0
ID_XPPWX11 x m6,0.0
ID_MF9IBZY x m1,0.0
ID_MF9IBZY x m2,0.0
ID_MF9IBZY x m3,0.0
ID_MF9IBZY x m4,0.0
ID_MF9IBZY x m5,0.0
ID_MF9IBZY x m6,0.0
ID_N4H4RQA x m1,0.0
ID_N4H4RQA x m2,0.0
ID_N4H4RQA x m3,0.0
ID_N4H4RQA x m4,0.0
ID_N4H4RQA x m5,0.0
ID_N4H4RQA x m6,0.0
ID_N6YE307 x m1,0.0
ID_N6YE307 x m2,0.0
ID_N6YE307 x m3,0.0
ID_N6YE307 x m4,0.0
ID_N6YE307 x m5,0.0
ID_N6YE307 x m6,0.0
ID_TYICGGW x m1,0.0
ID_TYICGGW x m2,0.0
ID_TYICGGW x m3,0.0
ID_TYICGGW x m4,0.0
ID_TYICGGW x m5,0.0
ID_TYICGGW x m6,0.0
ID_PPHB17I x m1,0.0
ID_PPHB17I x m2,0.0
ID_PPHB17I x m3,0.0
ID_PPHB17I x m4,0.0
ID_PPHB17I x m5,0.0
ID_PPHB17I x m6,0.0
ID_61Z7MSF x m1,0.0
ID_61Z7MSF x m2,0.0
ID_61Z7MSF x m3,0.0
ID_61Z7MSF x m4,0.0
ID_61Z7MSF x m5,0.0
ID_61Z7MSF x m6,0.0
ID_YUGG0M2 x m1,0.0
ID_YUGG0M2 x m2,0.0
ID_YUGG0M2 x m3,0.0
ID_YUGG0M2 x m4,0.0
ID_YUGG0M2 x m5,0.0
ID_YUGG0M2 x m6,0.0
ID_K78YZC5 x m1,0.0
ID_K78YZC5 x m2,0.0
ID_K78YZC5 x m3,0.0
ID_K78YZC5 x m4,0.0
ID_K78YZC5 x m5,0.0
ID_K78YZC5 x m6,0.0
ID_DACGSZ5 x m1,0.0
ID_DACGSZ5 x m2,0.0
ID_DACGSZ5 x m3,0.0
ID_DACGSZ5 x m4,0.0
ID_DACGSZ5 x m5,0.0
ID_DACGSZ5 x m6,0.0
ID_J680SIU x m1,0.0
ID_J680SIU x m2,0.0
ID_J680SIU x m3,0.0
ID_J680SIU x m4,0.0
ID_J680SIU x m5,0.0
ID_J680SIU x m6,0.0
ID_0APWQ5Q x m1,0.0
ID_0APWQ5Q x m2,0.0
ID_0APWQ5Q x m3,0.0
ID_0APWQ5Q x m4,0.0
ID_0APWQ5Q x m5,0.0
ID_0APWQ5Q x m6,0.0
ID_PTJE8XG x m1,0.0
ID_PTJE8XG x m2,0.0
ID_PTJE8XG x m3,0.0
ID_PTJE8XG x m4,0.0
ID_PTJE8XG x m5,0.0
ID_PTJE8XG x m6,0.0
ID_AI7B5Y2 x m1,0.0
ID_AI7B5Y2 x m2,0.0
ID_AI7B5Y2 x m3,0.0
ID_AI7B5Y2 x m4,0.0
ID_AI7B5Y2 x m5,0.0
ID_AI7B5Y2 x m6,0.0
ID_1QXVD9H x m1,0.0
ID_1QXVD9H x m2,0.0
ID_1QXVD9H x m3,0.0
ID_1QXVD9H x m4,0.0
ID_1QXVD9H x m5,0.0
ID_1QXVD9H x m6,0.0
ID_PSF33GN x m1,0.0
ID_PSF33GN x m2,0.0
ID_PSF33GN x m3,0.0
ID_PSF33GN x m4,0.0
ID_PSF33GN x m5,0.0
ID_PSF33GN x m6,0.0
ID_XI0ATKN x m1,0.0
ID_XI0ATKN x m2,0.0
ID_XI0ATKN x m3,0.0
ID_XI0ATKN x m4,0.0
ID_XI0ATKN x m5,0.0
ID_XI0ATKN x m6,0.0
ID_1W7BPL6 x m1,0.0
ID_1W7BPL6 x m2,0.0
ID_1W7BPL6 x m3,0.0
ID_1W7BPL6 x m4,0.0
ID_1W7BPL6 x m5,0.0
ID_1W7BPL6 x m6,0.0
ID_CGYDUOF x m1,0.0
ID_CGYDUOF x m2,0.0
ID_CGYDUOF x m3,0.0
ID_CGYDUOF x m4,0.0
ID_CGYDUOF x m5,0.0
ID_CGYDUOF x m6,0.0
ID_S3XQQ6Q x m1,0.0
ID_S3XQQ6Q x m2,0.0
ID_S3XQQ6Q x m3,0.0
ID_S3XQQ6Q x m4,0.0
ID_S3XQQ6Q x m5,0.0
ID_S3XQQ6Q x m6,0.0
ID_G47RVMG x m1,0.0
ID_G47RVMG x m2,0.0
ID_G47RVMG x m3,0.0
ID_G47RVMG x m4,0.0
ID_G47RVMG x m5,0.0
ID_G47RVMG x m6,0.0
ID_OB9DFKX x m1,0.0
ID_OB9DFKX x m2,0.0
ID_OB9DFKX x m3,0.0
ID_OB9DFKX x m4,0.0
ID_OB9DFKX x m5,0.0
ID_OB9DFKX x m6,0.0
ID_D6TB1CZ x m1,0.0
ID_D6TB1CZ x m2,0.0
ID_D6TB1CZ x m3,0.0
ID_D6TB1CZ x m4,0.0
ID_D6TB1CZ x m5,0.0
ID_D6TB1CZ x m6,0.0
ID_1V0BLRE x m1,0.0
ID_1V0BLRE x m2,0.0
ID_1V0BLRE x m3,0.0
ID_1V0BLRE x m4,0.0
ID_1V0BLRE x m5,0.0
ID_1V0BLRE x m6,0.0
ID_A8HJVB1 x m1,0.0
ID_A8HJVB1 x m2,0.0
ID_A8HJVB1 x m3,0.0
ID_A8HJVB1 x m4,0.0
ID_A8HJVB1 x m5,0.0
ID_A8HJVB1 x m6,0.0
ID_2BE7LCN x m1,0.0
ID_2BE7LCN x m2,0.0
ID_2BE7LCN x m3,0.0
ID_2BE7LCN x m4,0.0
ID_2BE7LCN x m5,0.0
ID_2BE7LCN x m6,0.0
ID_GBUHPL5 x m1,0.0
ID_GBUHPL5 x m2,0.0
ID_GBUHPL5 x m3,0.0
ID_GBUHPL5 x m4,0.0
ID_GBUHPL5 x m5,0.0
ID_GBUHPL5 x m6,0.0
ID_D4O13VU x m1,0.0
ID_D4O13VU x m2,0.0
ID_D4O13VU x m3,0.0
ID_D4O13VU x m4,0.0
ID_D4O13VU x m5,0.0
ID_D4O13VU x m6,0.0
ID_KCA3XMV x m1,0.0
ID_KCA3XMV x m2,0.0
ID_KCA3XMV x m3,0.0
ID_KCA3XMV x m4,0.0
ID_KCA3XMV x m5,0.0
ID_KCA3XMV x m6,0.0
ID_SEX9FQ1 x m1,0.0
ID_SEX9FQ1 x m2,0.0
ID_SEX9FQ1 x m3,0.0
ID_SEX9FQ1 x m4,0.0
ID_SEX9FQ1 x m5,0.0
ID_SEX9FQ1 x m6,0.0
ID_IF0QHR6 x m1,0.0
ID_IF0QHR6 x m2,0.0
ID_IF0QHR6 x m3,0.0
ID_IF0QHR6 x m4,0.0
ID_IF0QHR6 x m5,0.0
ID_IF0QHR6 x m6,0.0
ID_L4I7MH4 x m1,0.0
ID_L4I7MH4 x m2,0.0
ID_L4I7MH4 x m3,0.0
ID_L4I7MH4 x m4,0.0
ID_L4I7MH4 x m5,0.0
ID_L4I7MH4 x m6,0.0
ID_3GCI0N5 x m1,0.0
ID_3GCI0N5 x m2,0.0
ID_3GCI0N5 x m3,0.0
ID_3GCI0N5 x m4,0.0
ID_3GCI0N5 x m5,0.0
ID_3GCI0N5 x m6,0.0
ID_B4LOWLN x m1,0.0
ID_B4LOWLN x m2,0.0
ID_B4LOWLN x m3,0.0
ID_B4LOWLN x m4,0.0
ID_B4LOWLN x m5,0.0
ID_B4LOWLN x m6,0.0
ID_L28NPIZ x m1,0.0
ID_L28NPIZ x m2,0.0
ID_L28NPIZ x m3,0.0
ID_L28NPIZ x m4,0.0
ID_L28NPIZ x m5,0.0
ID_L28NPIZ x m6,0.0
ID_C7M124K x m1,0.0
ID_C7M124K x m2,0.0
ID_C7M124K x m3,0.0
ID_C7M124K x m4,0.0
ID_C7M124K x m5,0.0
ID_C7M124K x m6,0.0
ID_WQ4EUMR x m1,0.0
ID_WQ4EUMR x m2,0.0
ID_WQ4EUMR x m3,0.0
ID_WQ4EUMR x m4,0.0
ID_WQ4EUMR x m5,0.0
ID_WQ4EUMR x m6,0.0
ID_6HZC178 x m1,0.0
ID_6HZC178 x m2,0.0
ID_6HZC178 x m3,0.0
ID_6HZC178 x m4,0.0
ID_6HZC178 x m5,0.0
ID_6HZC178 x m6,0.0
ID_D58I4Y5 x m1,0.0
ID_D58I4Y5 x m2,0.0
ID_D58I4Y5 x m3,0.0
ID_D58I4Y5 x m4,0.0
ID_D58I4Y5 x m5,0.0
ID_D58I4Y5 x m6,0.0
ID_OCLEK6H x m1,0.0
ID_OCLEK6H x m2,0.0
ID_OCLEK6H x m3,0.0
ID_OCLEK6H x m4,0.0
ID_OCLEK6H x m5,0.0
ID_OCLEK6H x m6,0.0
ID_VOWFDVB x m1,0.0
ID_VOWFDVB x m2,0.0
ID_VOWFDVB x m3,0.0
ID_VOWFDVB x m4,0.0
ID_VOWFDVB x m5,0.0
ID_VOWFDVB x m6,0.0
ID_OIXC6TQ x m1,0.0
ID_OIXC6TQ x m2,0.0
ID_OIXC6TQ x m3,0.0
ID_OIXC6TQ x m4,0.0
ID_OIXC6TQ x m5,0.0
ID_OIXC6TQ x m6,0.0
ID_K2MZXBZ x m1,0.0
ID_K2MZXBZ x m2,0.0
ID_K2MZXBZ x m3,0.0
ID_K2MZXBZ x m4,0.0
ID_K2MZXBZ x m5,0.0
ID_K2MZXBZ x m6,0.0
ID_1LE48G8 x m1,0.0
ID_1LE48G8 x m2,0.0
ID_1LE48G8 x m3,0.0
ID_1LE48G8 x m4,0.0
ID_1LE48G8 x m5,0.0
ID_1LE48G8 x m6,0.0
ID_5L0OXE4 x m1,0.0
ID_5L0OXE4 x m2,0.0
ID_5L0OXE4 x m3,0.0
ID_5L0OXE4 x m4,0.0
ID_5L0OXE4 x m5,0.0
ID_5L0OXE4 x m6,0.0
ID_X8AE1EH x m1,0.0
ID_X8AE1EH x m2,0.0
ID_X8AE1EH x m3,0.0
ID_X8AE1EH x m4,0.0
ID_X8AE1EH x m5,0.0
ID_X8AE1EH x m6,0.0
ID_KFKAJJ7 x m1,0.0
ID_KFKAJJ7 x m2,0.0
ID_KFKAJJ7 x m3,0.0
ID_KFKAJJ7 x m4,0.0
ID_KFKAJJ7 x m5,0.0
ID_KFKAJJ7 x m6,0.0
ID_VZPXAUK x m1,0.0
ID_VZPXAUK x m2,0.0
ID_VZPXAUK x m3,0.0
ID_VZPXAUK x m4,0.0
ID_VZPXAUK x m5,0.0
ID_VZPXAUK x m6,0.0
ID_29ARNHE x m1,0.0
ID_29ARNHE x m2,0.0
ID_29ARNHE x m3,0.0
ID_29ARNHE x m4,0.0
ID_29ARNHE x m5,0.0
ID_29ARNHE x m6,0.0
ID_C5D09GN x m1,0.0
ID_C5D09GN x m2,0.0
ID_C5D09GN x m3,0.0
ID_C5D09GN x m4,0.0
ID_C5D09GN x m5,0.0
ID_C5D09GN x m6,0.0
ID_2DXOOLL x m1,0.0
ID_2DXOOLL x m2,0.0
ID_2DXOOLL x m3,0.0
ID_2DXOOLL x m4,0.0
ID_2DXOOLL x m5,0.0
ID_2DXOOLL x m6,0.0
ID_V02PNIT x m1,0.0
ID_V02PNIT x m2,0.0
ID_V02PNIT x m3,0.0
ID_V02PNIT x m4,0.0
ID_V02PNIT x m5,0.0
ID_V02PNIT x m6,0.0
ID_IB3O7JR x m1,0.0
ID_IB3O7JR x m2,0.0
ID_IB3O7JR x m3,0.0
ID_IB3O7JR x m4,0.0
ID_IB3O7JR x m5,0.0
ID_IB3O7JR x m6,0.0
ID_XJPD87C x m1,0.0
ID_XJPD87C x m2,0.0
ID_XJPD87C x m3,0.0
ID_XJPD87C x m4,0.0
ID_XJPD87C x m5,0.0
ID_XJPD87C x m6,0.0
ID_0P0OWF0 x m1,0.0
ID_0P0OWF0 x m2,0.0
ID_0P0OWF0 x m3,0.0
ID_0P0OWF0 x m4,0.0
ID_0P0OWF0 x m5,0.0
ID_0P0OWF0 x m6,0.0
ID_TGGQJKV x m1,0.0
ID_TGGQJKV x m2,0.0
ID_TGGQJKV x m3,0.0
ID_TGGQJKV x m4,0.0
ID_TGGQJKV x m5,0.0
ID_TGGQJKV x m6,0.0
ID_P33PQXY x m1,0.0
ID_P33PQXY x m2,0.0
ID_P33PQXY x m3,0.0
ID_P33PQXY x m4,0.0
ID_P33PQXY x m5,0.0
ID_P33PQXY x m6,0.0
ID_ANTMDDF x m1,0.0
ID_ANTMDDF x m2,0.0
ID_ANTMDDF x m3,0.0
ID_ANTMDDF x m4,0.0
ID_ANTMDDF x m5,0.0
ID_ANTMDDF x m6,0.0
ID_68GWCO3 x m1,0.0
ID_68GWCO3 x m2,0.0
ID_68GWCO3 x m3,0.0
ID_68GWCO3 x m4,0.0
ID_68GWCO3 x m5,0.0
ID_68GWCO3 x m6,0.0
ID_GLWDTRQ x m1,0.0
ID_GLWDTRQ x m2,0.0
ID_GLWDTRQ x m3,0.0
ID_GLWDTRQ x m4,0.0
ID_GLWDTRQ x m5,0.0
ID_GLWDTRQ x m6,0.0
ID_C8EVWAH x m1,0.0
ID_C8EVWAH x m2,0.0
ID_C8EVWAH x m3,0.0
ID_C8EVWAH x m4,0.0
ID_C8EVWAH x m5,0.0
ID_C8EVWAH x m6,0.0
ID_ZT37KZ8 x m1,0.0
ID_ZT37KZ8 x m2,0.0
ID_ZT37KZ8 x m3,0.0
ID_ZT37KZ8 x m4,0.0
ID_ZT37KZ8 x m5,0.0
ID_ZT37KZ8 x m6,0.0
ID_AV32YF7 x m1,0.0
ID_AV32YF7 x m2,0.0
ID_AV32YF7 x m3,0.0
ID_AV32YF7 x m4,0.0
ID_AV32YF7 x m5,0.0
ID_AV32YF7 x m6,0.0
ID_O8NXZC5 x m1,0.0
ID_O8NXZC5 x m2,0.0
ID_O8NXZC5 x m3,0.0
ID_O8NXZC5 x m4,0.0
ID_O8NXZC5 x m5,0.0
ID_O8NXZC5 x m6,0.0
ID_WHSSD7H x m1,0.0
ID_WHSSD7H x m2,0.0
ID_WHSSD7H x m3,0.0
ID_WHSSD7H x m4,0.0
ID_WHSSD7H x m5,0.0
ID_WHSSD7H x m6,0.0
ID_8XJ1T2H x m1,0.0
ID_8XJ1T2H x m2,0.0
ID_8XJ1T2H x m3,0.0
ID_8XJ1T2H x m4,0.0
ID_8XJ1T2H x m5,0.0
ID_8XJ1T2H x m6,0.0
ID_YI6JZ2U x m1,0.0
ID_YI6JZ2U x m2,0.0
ID_YI6JZ2U x m3,0.0
ID_YI6JZ2U x m4,0.0
ID_YI6JZ2U x m5,0.0
ID_YI6JZ2U x m6,0.0
ID_N3ZV0B4 x m1,0.0
ID_N3ZV0B4 x m2,0.0
ID_N3ZV0B4 x m3,0.0
ID_N3ZV0B4 x m4,0.0
ID_N3ZV0B4 x m5,0.0
ID_N3ZV0B4 x m6,0.0
ID_20FD8VD x m1,0.0
ID_20FD8VD x m2,0.0
ID_20FD8VD x m3,0.0
ID_20FD8VD x m4,0.0
ID_20FD8VD x m5,0.0
ID_20FD8VD x m6,0.0
ID_MKHP314 x m1,0.0
ID_MKHP314 x m2,0.0
ID_MKHP314 x m3,0.0
ID_MKHP314 x m4,0.0
ID_MKHP314 x m5,0.0
ID_MKHP314 x m6,0.0
ID_D8DPCZ1 x m1,0.0
ID_D8DPCZ1 x m2,0.0
ID_D8DPCZ1 x m3,0.0
ID_D8DPCZ1 x m4,0.0
ID_D8DPCZ1 x m5,0.0
ID_D8DPCZ1 x m6,0.0
ID_GQGKGX4 x m1,0.0
ID_GQGKGX4 x m2,0.0
ID_GQGKGX4 x m3,0.0
ID_GQGKGX4 x m4,0.0
ID_GQGKGX4 x m5,0.0
ID_GQGKGX4 x m6,0.0
ID_CKDXE6G x m1,0.0
ID_CKDXE6G x m2,0.0
ID_CKDXE6G x m3,0.0
ID_CKDXE6G x m4,0.0
ID_CKDXE6G x m5,0.0
ID_CKDXE6G x m6,0.0
ID_QVZ8NB3 x m1,0.0
ID_QVZ8NB3 x m2,0.0
ID_QVZ8NB3 x m3,0.0
ID_QVZ8NB3 x m4,0.0
ID_QVZ8NB3 x m5,0.0
ID_QVZ8NB3 x m6,0.0
ID_NJ6MKH1 x m1,0.0
ID_NJ6MKH1 x m2,0.0
ID_NJ6MKH1 x m3,0.0
ID_NJ6MKH1 x m4,0.0
ID_NJ6MKH1 x m5,0.0
ID_NJ6MKH1 x m6,0.0
ID_RPYRAER x m1,0.0
ID_RPYRAER x m2,0.0
ID_RPYRAER x m3,0.0
ID_RPYRAER x m4,0.0
ID_RPYRAER x m5,0.0
ID_RPYRAER x m6,0.0
ID_WZ7TI6V x m1,0.0
ID_WZ7TI6V x m2,0.0
ID_WZ7TI6V x m3,0.0
ID_WZ7TI6V x m4,0.0
ID_WZ7TI6V x m5,0.0
ID_WZ7TI6V x m6,0.0
ID_FQV7LD9 x m1,0.0
ID_FQV7LD9 x m2,0.0
ID_FQV7LD9 x m3,0.0
ID_FQV7LD9 x m4,0.0
ID_FQV7LD9 x m5,0.0
ID_FQV7LD9 x m6,0.0
ID_W02HA4R x m1,0.0
ID_W02HA4R x m2,0.0
ID_W02HA4R x m3,0.0
ID_W02HA4R x m4,0.0
ID_W02HA4R x m5,0.0
ID_W02HA4R x m6,0.0
ID_HLY1SR0 x m1,0.0
ID_HLY1SR0 x m2,0.0
ID_HLY1SR0 x m3,0.0
ID_HLY1SR0 x m4,0.0
ID_HLY1SR0 x m5,0.0
ID_HLY1SR0 x m6,0.0
ID_U59YJ6M x m1,0.0
ID_U59YJ6M x m2,0.0
ID_U59YJ6M x m3,0.0
ID_U59YJ6M x m4,0.0
ID_U59YJ6M x m5,0.0
ID_U59YJ6M x m6,0.0
ID_NN5MBSE x m1,0.0
ID_NN5MBSE x m2,0.0
ID_NN5MBSE x m3,0.0
ID_NN5MBSE x m4,0.0
ID_NN5MBSE x m5,0.0
ID_NN5MBSE x m6,0.0
ID_GX1IHZF x m1,0.0
ID_GX1IHZF x m2,0.0
ID_GX1IHZF x m3,0.0
ID_GX1IHZF x m4,0.0
ID_GX1IHZF x m5,0.0
ID_GX1IHZF x m6,0.0
ID_R8THDH1 x m1,0.0
ID_R8THDH1 x m2,0.0
ID_R8THDH1 x m3,0.0
ID_R8THDH1 x m4,0.0
ID_R8THDH1 x m5,0.0
ID_R8THDH1 x m6,0.0
ID_NTLCE0A x m1,0.0
ID_NTLCE0A x m2,0.0
ID_NTLCE0A x m3,0.0
ID_NTLCE0A x m4,0.0
ID_NTLCE0A x m5,0.0
ID_NTLCE0A x m6,0.0
ID_R5F35KO x m1,0.0
ID_R5F35KO x m2,0.0
ID_R5F35KO x m3,0.0
ID_R5F35KO x m4,0.0
ID_R5F35KO x m5,0.0
ID_R5F35KO x m6,0.0
ID_ZV4ZCAB x m1,0.0
ID_ZV4ZCAB x m2,0.0
ID_ZV4ZCAB x m3,0.0
ID_ZV4ZCAB x m4,0.0
ID_ZV4ZCAB x m5,0.0
ID_ZV4ZCAB x m6,0.0
ID_FDQQWQC x m1,0.0
ID_FDQQWQC x m2,0.0
ID_FDQQWQC x m3,0.0
ID_FDQQWQC x m4,0.0
ID_FDQQWQC x m5,0.0
ID_FDQQWQC x m6,0.0
ID_E1V10ZL x m1,0.0
ID_E1V10ZL x m2,0.0
ID_E1V10ZL x m3,0.0
ID_E1V10ZL x m4,0.0
ID_E1V10ZL x m5,0.0
ID_E1V10ZL x m6,0.0
ID_NTTTCJP x m1,0.0
ID_NTTTCJP x m2,0.0
ID_NTTTCJP x m3,0.0
ID_NTTTCJP x m4,0.0
ID_NTTTCJP x m5,0.0
ID_NTTTCJP x m6,0.0
ID_EWWCAQ2 x m1,0.0
ID_EWWCAQ2 x m2,0.0
ID_EWWCAQ2 x m3,0.0
ID_EWWCAQ2 x m4,0.0
ID_EWWCAQ2 x m5,0.0
ID_EWWCAQ2 x m6,0.0
ID_JDQHX8B x m1,0.0
ID_JDQHX8B x m2,0.0
ID_JDQHX8B x m3,0.0
ID_JDQHX8B x m4,0.0
ID_JDQHX8B x m5,0.0
ID_JDQHX8B x m6,0.0
ID_GS1F48R x m1,0.0
ID_GS1F48R x m2,0.0
ID_GS1F48R x m3,0.0
ID_GS1F48R x m4,0.0
ID_GS1F48R x m5,0.0
ID_GS1F48R x m6,0.0
ID_8YUTE44 x m1,0.0
ID_8YUTE44 x m2,0.0
ID_8YUTE44 x m3,0.0
ID_8YUTE44 x m4,0.0
ID_8YUTE44 x m5,0.0
ID_8YUTE44 x m6,0.0
ID_TVKQ1TC x m1,0.0
ID_TVKQ1TC x m2,0.0
ID_TVKQ1TC x m3,0.0
ID_TVKQ1TC x m4,0.0
ID_TVKQ1TC x m5,0.0
ID_TVKQ1TC x m6,0.0
ID_67LJQSV x m1,0.0
ID_67LJQSV x m2,0.0
ID_67LJQSV x m3,0.0
ID_67LJQSV x m4,0.0
ID_67LJQSV x m5,0.0
ID_67LJQSV x m6,0.0
ID_MXY1YW6 x m1,0.0
ID_MXY1YW6 x m2,0.0
ID_MXY1YW6 x m3,0.0
ID_MXY1YW6 x m4,0.0
ID_MXY1YW6 x m5,0.0
ID_MXY1YW6 x m6,0.0
ID_JNH5VVW x m1,0.0
ID_JNH5VVW x m2,0.0
ID_JNH5VVW x m3,0.0
ID_JNH5VVW x m4,0.0
ID_JNH5VVW x m5,0.0
ID_JNH5VVW x m6,0.0
ID_KPA7F72 x m1,0.0
ID_KPA7F72 x m2,0.0
ID_KPA7F72 x m3,0.0
ID_KPA7F72 x m4,0.0
ID_KPA7F72 x m5,0.0
ID_KPA7F72 x m6,0.0
ID_XMWSRZ9 x m1,0.0
ID_XMWSRZ9 x m2,0.0
ID_XMWSRZ9 x m3,0.0
ID_XMWSRZ9 x m4,0.0
ID_XMWSRZ9 x m5,0.0
ID_XMWSRZ9 x m6,0.0
ID_TGA05GT x m1,0.0
ID_TGA05GT x m2,0.0
ID_TGA05GT x m3,0.0
ID_TGA05GT x m4,0.0
ID_TGA05GT x m5,0.0
ID_TGA05GT x m6,0.0
ID_WHIQZX5 x m1,0.0
ID_WHIQZX5 x m2,0.0
ID_WHIQZX5 x m3,0.0
ID_WHIQZX5 x m4,0.0
ID_WHIQZX5 x m5,0.0
ID_WHIQZX5 x m6,0.0
ID_IOS4SUD x m1,0.0
ID_IOS4SUD x m2,0.0
ID_IOS4SUD x m3,0.0
ID_IOS4SUD x m4,0.0
ID_IOS4SUD x m5,0.0
ID_IOS4SUD x m6,0.0
ID_7ZK76UD x m1,0.0
ID_7ZK76UD x m2,0.0
ID_7ZK76UD x m3,0.0
ID_7ZK76UD x m4,0.0
ID_7ZK76UD x m5,0.0
ID_7ZK76UD x m6,0.0
ID_9TFKXYF x m1,0.0
ID_9TFKXYF x m2,0.0
ID_9TFKXYF x m3,0.0
ID_9TFKXYF x m4,0.0
ID_9TFKXYF x m5,0.0
ID_9TFKXYF x m6,0.0
ID_7M0M4VN x m1,0.0
ID_7M0M4VN x m2,0.0
ID_7M0M4VN x m3,0.0
ID_7M0M4VN x m4,0.0
ID_7M0M4VN x m5,0.0
ID_7M0M4VN x m6,0.0
ID_MEZWFBV x m1,0.0
ID_MEZWFBV x m2,0.0
ID_MEZWFBV x m3,0.0
ID_MEZWFBV x m4,0.0
ID_MEZWFBV x m5,0.0
ID_MEZWFBV x m6,0.0
ID_0ONYMCH x m1,0.0
ID_0ONYMCH x m2,0.0
ID_0ONYMCH x m3,0.0
ID_0ONYMCH x m4,0.0
ID_0ONYMCH x m5,0.0
ID_0ONYMCH x m6,0.0
ID_S2UI1R9 x m1,0.0
ID_S2UI1R9 x m2,0.0
ID_S2UI1R9 x m3,0.0
ID_S2UI1R9 x m4,0.0
ID_S2UI1R9 x m5,0.0
ID_S2UI1R9 x m6,0.0
ID_YWT8P1Z x m1,0.0
ID_YWT8P1Z x m2,0.0
ID_YWT8P1Z x m3,0.0
ID_YWT8P1Z x m4,0.0
ID_YWT8P1Z x m5,0.0
ID_YWT8P1Z x m6,0.0
ID_H1OEZ36 x m1,0.0
ID_H1OEZ36 x m2,0.0
ID_H1OEZ36 x m3,0.0
ID_H1OEZ36 x m4,0.0
ID_H1OEZ36 x m5,0.0
ID_H1OEZ36 x m6,0.0
ID_FLLEYXW x m1,0.0
ID_FLLEYXW x m2,0.0
ID_FLLEYXW x m3,0.0
ID_FLLEYXW x m4,0.0
ID_FLLEYXW x m5,0.0
ID_FLLEYXW x m6,0.0
ID_ENJOZOA x m1,0.0
ID_ENJOZOA x m2,0.0
ID_ENJOZOA x m3,0.0
ID_ENJOZOA x m4,0.0
ID_ENJOZOA x m5,0.0
ID_ENJOZOA x m6,0.0
ID_OHIY6EM x m1,0.0
ID_OHIY6EM x m2,0.0
ID_OHIY6EM x m3,0.0
ID_OHIY6EM x m4,0.0
ID_OHIY6EM x m5,0.0
ID_OHIY6EM x m6,0.0
ID_J2O0SX9 x m1,0.0
ID_J2O0SX9 x m2,0.0
ID_J2O0SX9 x m3,0.0
ID_J2O0SX9 x m4,0.0
ID_J2O0SX9 x m5,0.0
ID_J2O0SX9 x m6,0.0
ID_PQBD5CO x m1,0.0
ID_PQBD5CO x m2,0.0
ID_PQBD5CO x m3,0.0
ID_PQBD5CO x m4,0.0
ID_PQBD5CO x m5,0.0
ID_PQBD5CO x m6,0.0
ID_H6C6MCF x m1,0.0
ID_H6C6MCF x m2,0.0
ID_H6C6MCF x m3,0.0
ID_H6C6MCF x m4,0.0
ID_H6C6MCF x m5,0.0
ID_H6C6MCF x m6,0.0
ID_ZD6XY43 x m1,0.0
ID_ZD6XY43 x m2,0.0
ID_ZD6XY43 x m3,0.0
ID_ZD6XY43 x m4,0.0
ID_ZD6XY43 x m5,0.0
ID_ZD6XY43 x m6,0.0
ID_PCXAZGN x m1,0.0
ID_PCXAZGN x m2,0.0
ID_PCXAZGN x m3,0.0
ID_PCXAZGN x m4,0.0
ID_PCXAZGN x m5,0.0
ID_PCXAZGN x m6,0.0
ID_LUYL81I x m1,0.0
ID_LUYL81I x m2,0.0
ID_LUYL81I x m3,0.0
ID_LUYL81I x m4,0.0
ID_LUYL81I x m5,0.0
ID_LUYL81I x m6,0.0
ID_BBR9F9L x m1,0.0
ID_BBR9F9L x m2,0.0
ID_BBR9F9L x m3,0.0
ID_BBR9F9L x m4,0.0
ID_BBR9F9L x m5,0.0
ID_BBR9F9L x m6,0.0
ID_P1CL5E6 x m1,0.0
ID_P1CL5E6 x m2,0.0
ID_P1CL5E6 x m3,0.0
ID_P1CL5E6 x m4,0.0
ID_P1CL5E6 x m5,0.0
ID_P1CL5E6 x m6,0.0
ID_ZXGX04Q x m1,0.0
ID_ZXGX04Q x m2,0.0
ID_ZXGX04Q x m3,0.0
ID_ZXGX04Q x m4,0.0
ID_ZXGX04Q x m5,0.0
ID_ZXGX04Q x m6,0.0
ID_0B482RC x m1,0.0
ID_0B482RC x m2,0.0
ID_0B482RC x m3,0.0
ID_0B482RC x m4,0.0
ID_0B482RC x m5,0.0
ID_0B482RC x m6,0.0
ID_9CY3DE4 x m1,0.0
ID_9CY3DE4 x m2,0.0
ID_9CY3DE4 x m3,0.0
ID_9CY3DE4 x m4,0.0
ID_9CY3DE4 x m5,0.0
ID_9CY3DE4 x m6,0.0
ID_DNCH41G x m1,0.0
ID_DNCH41G x m2,0.0
ID_DNCH41G x m3,0.0
ID_DNCH41G x m4,0.0
ID_DNCH41G x m5,0.0
ID_DNCH41G x m6,0.0
ID_0I889HY x m1,0.0
ID_0I889HY x m2,0.0
ID_0I889HY x m3,0.0
ID_0I889HY x m4,0.0
ID_0I889HY x m5,0.0
ID_0I889HY x m6,0.0
ID_50NK062 x m1,0.0
ID_50NK062 x m2,0.0
ID_50NK062 x m3,0.0
ID_50NK062 x m4,0.0
ID_50NK062 x m5,0.0
ID_50NK062 x m6,0.0
ID_GV0WUQ1 x m1,0.0
ID_GV0WUQ1 x m2,0.0
ID_GV0WUQ1 x m3,0.0
ID_GV0WUQ1 x m4,0.0
ID_GV0WUQ1 x m5,0.0
ID_GV0WUQ1 x m6,0.0
ID_VJNIN2M x m1,0.0
ID_VJNIN2M x m2,0.0
ID_VJNIN2M x m3,0.0
ID_VJNIN2M x m4,0.0
ID_VJNIN2M x m5,0.0
ID_VJNIN2M x m6,0.0
ID_ZQYSKKQ x m1,0.0
ID_ZQYSKKQ x m2,0.0
ID_ZQYSKKQ x m3,0.0
ID_ZQYSKKQ x m4,0.0
ID_ZQYSKKQ x m5,0.0
ID_ZQYSKKQ x m6,0.0
ID_YMO6A1L x m1,0.0
ID_YMO6A1L x m2,0.0
ID_YMO6A1L x m3,0.0
ID_YMO6A1L x m4,0.0
ID_YMO6A1L x m5,0.0
ID_YMO6A1L x m6,0.0
ID_JZFQ8LG x m1,0.0
ID_JZFQ8LG x m2,0.0
ID_JZFQ8LG x m3,0.0
ID_JZFQ8LG x m4,0.0
ID_JZFQ8LG x m5,0.0
ID_JZFQ8LG x m6,0.0
ID_VJP32XQ x m1,0.0
ID_VJP32XQ x m2,0.0
ID_VJP32XQ x m3,0.0
ID_VJP32XQ x m4,0.0
ID_VJP32XQ x m5,0.0
ID_VJP32XQ x m6,0.0
ID_L1B97UW x m1,0.0
ID_L1B97UW x m2,0.0
ID_L1B97UW x m3,0.0
ID_L1B97UW x m4,0.0
ID_L1B97UW x m5,0.0
ID_L1B97UW x m6,0.0
ID_JY5F62D x m1,0.0
ID_JY5F62D x m2,0.0
ID_JY5F62D x m3,0.0
ID_JY5F62D x m4,0.0
ID_JY5F62D x m5,0.0
ID_JY5F62D x m6,0.0
ID_KZ0TBXQ x m1,0.0
ID_KZ0TBXQ x m2,0.0
ID_KZ0TBXQ x m3,0.0
ID_KZ0TBXQ x m4,0.0
ID_KZ0TBXQ x m5,0.0
ID_KZ0TBXQ x m6,0.0
ID_MRIGVRN x m1,0.0
ID_MRIGVRN x m2,0.0
ID_MRIGVRN x m3,0.0
ID_MRIGVRN x m4,0.0
ID_MRIGVRN x m5,0.0
ID_MRIGVRN x m6,0.0
ID_HJ3VZW4 x m1,0.0
ID_HJ3VZW4 x m2,0.0
ID_HJ3VZW4 x m3,0.0
ID_HJ3VZW4 x m4,0.0
ID_HJ3VZW4 x m5,0.0
ID_HJ3VZW4 x m6,0.0
ID_3V2POEQ x m1,0.0
ID_3V2POEQ x m2,0.0
ID_3V2POEQ x m3,0.0
ID_3V2POEQ x m4,0.0
ID_3V2POEQ x m5,0.0
ID_3V2POEQ x m6,0.0
ID_P5TIDXC x m1,0.0
ID_P5TIDXC x m2,0.0
ID_P5TIDXC x m3,0.0
ID_P5TIDXC x m4,0.0
ID_P5TIDXC x m5,0.0
ID_P5TIDXC x m6,0.0
ID_7MBIBQN x m1,0.0
ID_7MBIBQN x m2,0.0
ID_7MBIBQN x m3,0.0
ID_7MBIBQN x m4,0.0
ID_7MBIBQN x m5,0.0
ID_7MBIBQN x m6,0.0
ID_4RN3HSL x m1,0.0
ID_4RN3HSL x m2,0.0
ID_4RN3HSL x m3,0.0
ID_4RN3HSL x m4,0.0
ID_4RN3HSL x m5,0.0
ID_4RN3HSL x m6,0.0
ID_98VUIQA x m1,0.0
ID_98VUIQA x m2,0.0
ID_98VUIQA x m3,0.0
ID_98VUIQA x m4,0.0
ID_98VUIQA x m5,0.0
ID_98VUIQA x m6,0.0
ID_ABMXS3K x m1,0.0
ID_ABMXS3K x m2,0.0
ID_ABMXS3K x m3,0.0
ID_ABMXS3K x m4,0.0
ID_ABMXS3K x m5,0.0
ID_ABMXS3K x m6,0.0
ID_4UL9RWL x m1,0.0
ID_4UL9RWL x m2,0.0
ID_4UL9RWL x m3,0.0
ID_4UL9RWL x m4,0.0
ID_4UL9RWL x m5,0.0
ID_4UL9RWL x m6,0.0
ID_9XLZMCS x m1,0.0
ID_9XLZMCS x m2,0.0
ID_9XLZMCS x m3,0.0
ID_9XLZMCS x m4,0.0
ID_9XLZMCS x m5,0.0
ID_9XLZMCS x m6,0.0
ID_AHZ6ZO4 x m1,0.0
ID_AHZ6ZO4 x m2,0.0
ID_AHZ6ZO4 x m3,0.0
ID_AHZ6ZO4 x m4,0.0
ID_AHZ6ZO4 x m5,0.0
ID_AHZ6ZO4 x m6,0.0
ID_B7MY28N x m1,0.0
ID_B7MY28N x m2,0.0
ID_B7MY28N x m3,0.0
ID_B7MY28N x m4,0.0
ID_B7MY28N x m5,0.0
ID_B7MY28N x m6,0.0
ID_YNM2AJE x m1,0.0
ID_YNM2AJE x m2,0.0
ID_YNM2AJE x m3,0.0
ID_YNM2AJE x m4,0.0
ID_YNM2AJE x m5,0.0
ID_YNM2AJE x m6,0.0
ID_RPVK7IB x m1,0.0
ID_RPVK7IB x m2,0.0
ID_RPVK7IB x m3,0.0
ID_RPVK7IB x m4,0.0
ID_RPVK7IB x m5,0.0
ID_RPVK7IB x m6,0.0
ID_BFAUHBW x m1,0.0
ID_BFAUHBW x m2,0.0
ID_BFAUHBW x m3,0.0
ID_BFAUHBW x m4,0.0
ID_BFAUHBW x m5,0.0
ID_BFAUHBW x m6,0.0
ID_PVCV2TG x m1,0.0
ID_PVCV2TG x m2,0.0
ID_PVCV2TG x m3,0.0
ID_PVCV2TG x m4,0.0
ID_PVCV2TG x m5,0.0
ID_PVCV2TG x m6,0.0
ID_GI61IEV x m1,0.0
ID_GI61IEV x m2,0.0
ID_GI61IEV x m3,0.0
ID_GI61IEV x m4,0.0
ID_GI61IEV x m5,0.0
ID_GI61IEV x m6,0.0
ID_Q8V3UL6 x m1,0.0
ID_Q8V3UL6 x m2,0.0
ID_Q8V3UL6 x m3,0.0
ID_Q8V3UL6 x m4,0.0
ID_Q8V3UL6 x m5,0.0
ID_Q8V3UL6 x m6,0.0
ID_ZSZHMEM x m1,0.0
ID_ZSZHMEM x m2,0.0
ID_ZSZHMEM x m3,0.0
ID_ZSZHMEM x m4,0.0
ID_ZSZHMEM x m5,0.0
ID_ZSZHMEM x m6,0.0
ID_T3LAIQO x m1,0.0
ID_T3LAIQO x m2,0.0
ID_T3LAIQO x m3,0.0
ID_T3LAIQO x m4,0.0
ID_T3LAIQO x m5,0.0
ID_T3LAIQO x m6,0.0
ID_T5PQ5VV x m1,0.0
ID_T5PQ5VV x m2,0.0
ID_T5PQ5VV x m3,0.0
ID_T5PQ5VV x m4,0.0
ID_T5PQ5VV x m5,0.0
ID_T5PQ5VV x m6,0.0
ID_NKWQRR4 x m1,0.0
ID_NKWQRR4 x m2,0.0
ID_NKWQRR4 x m3,0.0
ID_NKWQRR4 x m4,0.0
ID_NKWQRR4 x m5,0.0
ID_NKWQRR4 x m6,0.0
ID_LYC7LQG x m1,0.0
ID_LYC7LQG x m2,0.0
ID_LYC7LQG x m3,0.0
ID_LYC7LQG x m4,0.0
ID_LYC7LQG x m5,0.0
ID_LYC7LQG x m6,0.0
ID_1SV6PW1 x m1,0.0
ID_1SV6PW1 x m2,0.0
ID_1SV6PW1 x m3,0.0
ID_1SV6PW1 x m4,0.0
ID_1SV6PW1 x m5,0.0
ID_1SV6PW1 x m6,0.0
ID_D1RJOUR x m1,0.0
ID_D1RJOUR x m2,0.0
ID_D1RJOUR x m3,0.0
ID_D1RJOUR x m4,0.0
ID_D1RJOUR x m5,0.0
ID_D1RJOUR x m6,0.0
ID_6LNA560 x m1,0.0
ID_6LNA560 x m2,0.0
ID_6LNA560 x m3,0.0
ID_6LNA560 x m4,0.0
ID_6LNA560 x m5,0.0
ID_6LNA560 x m6,0.0
ID_4OCZQWA x m1,0.0
ID_4OCZQWA x m2,0.0
ID_4OCZQWA x m3,0.0
ID_4OCZQWA x m4,0.0
ID_4OCZQWA x m5,0.0
ID_4OCZQWA x m6,0.0
ID_VU8IH73 x m1,0.0
ID_VU8IH73 x m2,0.0
ID_VU8IH73 x m3,0.0
ID_VU8IH73 x m4,0.0
ID_VU8IH73 x m5,0.0
ID_VU8IH73 x m6,0.0
ID_V0V0QKR x m1,0.0
ID_V0V0QKR x m2,0.0
ID_V0V0QKR x m3,0.0
ID_V0V0QKR x m4,0.0
ID_V0V0QKR x m5,0.0
ID_V0V0QKR x m6,0.0
ID_S00JYUB x m1,0.0
ID_S00JYUB x m2,0.0
ID_S00JYUB x m3,0.0
ID_S00JYUB x m4,0.0
ID_S00JYUB x m5,0.0
ID_S00JYUB x m6,0.0
ID_VRH9DMI x m1,0.0
ID_VRH9DMI x m2,0.0
ID_VRH9DMI x m3,0.0
ID_VRH9DMI x m4,0.0
ID_VRH9DMI x m5,0.0
ID_VRH9DMI x m6,0.0
ID_1H094QR x m1,0.0
ID_1H094QR x m2,0.0
ID_1H094QR x m3,0.0
ID_1H094QR x m4,0.0
ID_1H094QR x m5,0.0
ID_1H094QR x m6,0.0
ID_SNUTK44 x m1,0.0
ID_SNUTK44 x m2,0.0
ID_SNUTK44 x m3,0.0
ID_SNUTK44 x m4,0.0
ID_SNUTK44 x m5,0.0
ID_SNUTK44 x m6,0.0
ID_3144XT6 x m1,0.0
ID_3144XT6 x m2,0.0
ID_3144XT6 x m3,0.0
ID_3144XT6 x m4,0.0
ID_3144XT6 x m5,0.0
ID_3144XT6 x m6,0.0
ID_XMZ83LH x m1,0.0
ID_XMZ83LH x m2,0.0
ID_XMZ83LH x m3,0.0
ID_XMZ83LH x m4,0.0
ID_XMZ83LH x m5,0.0
ID_XMZ83LH x m6,0.0
ID_BA8SLLF x m1,0.0
ID_BA8SLLF x m2,0.0
ID_BA8SLLF x m3,0.0
ID_BA8SLLF x m4,0.0
ID_BA8SLLF x m5,0.0
ID_BA8SLLF x m6,0.0
ID_MU9ZP5N x m1,0.0
ID_MU9ZP5N x m2,0.0
ID_MU9ZP5N x m3,0.0
ID_MU9ZP5N x m4,0.0
ID_MU9ZP5N x m5,0.0
ID_MU9ZP5N x m6,0.0
ID_G6L34BT x m1,0.0
ID_G6L34BT x m2,0.0
ID_G6L34BT x m3,0.0
ID_G6L34BT x m4,0.0
ID_G6L34BT x m5,0.0
ID_G6L34BT x m6,0.0
ID_JJUOB0L x m1,0.0
ID_JJUOB0L x m2,0.0
ID_JJUOB0L x m3,0.0
ID_JJUOB0L x m4,0.0
ID_JJUOB0L x m5,0.0
ID_JJUOB0L x m6,0.0
ID_1TUJ19I x m1,0.0
ID_1TUJ19I x m2,0.0
ID_1TUJ19I x m3,0.0
ID_1TUJ19I x m4,0.0
ID_1TUJ19I x m5,0.0
ID_1TUJ19I x m6,0.0
ID_ZKC9YK0 x m1,0.0
ID_ZKC9YK0 x m2,0.0
ID_ZKC9YK0 x m3,0.0
ID_ZKC9YK0 x m4,0.0
ID_ZKC9YK0 x m5,0.0
ID_ZKC9YK0 x m6,0.0
ID_HJPDY7S x m1,0.0
ID_HJPDY7S x m2,0.0
ID_HJPDY7S x m3,0.0
ID_HJPDY7S x m4,0.0
ID_HJPDY7S x m5,0.0
ID_HJPDY7S x m6,0.0
ID_M13KASO x m1,0.0
ID_M13KASO x m2,0.0
ID_M13KASO x m3,0.0
ID_M13KASO x m4,0.0
ID_M13KASO x m5,0.0
ID_M13KASO x m6,0.0
ID_2UFBM18 x m1,0.0
ID_2UFBM18 x m2,0.0
ID_2UFBM18 x m3,0.0
ID_2UFBM18 x m4,0.0
ID_2UFBM18 x m5,0.0
ID_2UFBM18 x m6,0.0
ID_MFF0Z80 x m1,0.0
ID_MFF0Z80 x m2,0.0
ID_MFF0Z80 x m3,0.0
ID_MFF0Z80 x m4,0.0
ID_MFF0Z80 x m5,0.0
ID_MFF0Z80 x m6,0.0
ID_KPM7B2F x m1,0.0
ID_KPM7B2F x m2,0.0
ID_KPM7B2F x m3,0.0
ID_KPM7B2F x m4,0.0
ID_KPM7B2F x m5,0.0
ID_KPM7B2F x m6,0.0
ID_B44YNEZ x m1,0.0
ID_B44YNEZ x m2,0.0
ID_B44YNEZ x m3,0.0
ID_B44YNEZ x m4,0.0
ID_B44YNEZ x m5,0.0
ID_B44YNEZ x m6,0.0
ID_7988CP5 x m1,0.0
ID_7988CP5 x m2,0.0
ID_7988CP5 x m3,0.0
ID_7988CP5 x m4,0.0
ID_7988CP5 x m5,0.0
ID_7988CP5 x m6,0.0
ID_7L1LJAJ x m1,0.0
ID_7L1LJAJ x m2,0.0
ID_7L1LJAJ x m3,0.0
ID_7L1LJAJ x m4,0.0
ID_7L1LJAJ x m5,0.0
ID_7L1LJAJ x m6,0.0
ID_U6DSXH4 x m1,0.0
ID_U6DSXH4 x m2,0.0
ID_U6DSXH4 x m3,0.0
ID_U6DSXH4 x m4,0.0
ID_U6DSXH4 x m5,0.0
ID_U6DSXH4 x m6,0.0
ID_35JGYXW x m1,0.0
ID_35JGYXW x m2,0.0
ID_35JGYXW x m3,0.0
ID_35JGYXW x m4,0.0
ID_35JGYXW x m5,0.0
ID_35JGYXW x m6,0.0
ID_D7BYL1H x m1,0.0
ID_D7BYL1H x m2,0.0
ID_D7BYL1H x m3,0.0
ID_D7BYL1H x m4,0.0
ID_D7BYL1H x m5,0.0
ID_D7BYL1H x m6,0.0
ID_LZ5UPOD x m1,0.0
ID_LZ5UPOD x m2,0.0
ID_LZ5UPOD x m3,0.0
ID_LZ5UPOD x m4,0.0
ID_LZ5UPOD x m5,0.0
ID_LZ5UPOD x m6,0.0
ID_F1I3E79 x m1,0.0
ID_F1I3E79 x m2,0.0
ID_F1I3E79 x m3,0.0
ID_F1I3E79 x m4,0.0
ID_F1I3E79 x m5,0.0
ID_F1I3E79 x m6,0.0
ID_ZSGBN1G x m1,0.0
ID_ZSGBN1G x m2,0.0
ID_ZSGBN1G x m3,0.0
ID_ZSGBN1G x m4,0.0
ID_ZSGBN1G x m5,0.0
ID_ZSGBN1G x m6,0.0
ID_BWCHBM7 x m1,0.0
ID_BWCHBM7 x m2,0.0
ID_BWCHBM7 x m3,0.0
ID_BWCHBM7 x m4,0.0
ID_BWCHBM7 x m5,0.0
ID_BWCHBM7 x m6,0.0
ID_VRA0TE2 x m1,0.0
ID_VRA0TE2 x m2,0.0
ID_VRA0TE2 x m3,0.0
ID_VRA0TE2 x m4,0.0
ID_VRA0TE2 x m5,0.0
ID_VRA0TE2 x m6,0.0
ID_ZS3Y0LI x m1,0.0
ID_ZS3Y0LI x m2,0.0
ID_ZS3Y0LI x m3,0.0
ID_ZS3Y0LI x m4,0.0
ID_ZS3Y0LI x m5,0.0
ID_ZS3Y0LI x m6,0.0
ID_FYVL0PS x m1,0.0
ID_FYVL0PS x m2,0.0
ID_FYVL0PS x m3,0.0
ID_FYVL0PS x m4,0.0
ID_FYVL0PS x m5,0.0
ID_FYVL0PS x m6,0.0
ID_BKHB4AF x m1,0.0
ID_BKHB4AF x m2,0.0
ID_BKHB4AF x m3,0.0
ID_BKHB4AF x m4,0.0
ID_BKHB4AF x m5,0.0
ID_BKHB4AF x m6,0.0
ID_GCQFS9V x m1,0.0
ID_GCQFS9V x m2,0.0
ID_GCQFS9V x m3,0.0
ID_GCQFS9V x m4,0.0
ID_GCQFS9V x m5,0.0
ID_GCQFS9V x m6,0.0
ID_C3MUTPZ x m1,0.0
ID_C3MUTPZ x m2,0.0
ID_C3MUTPZ x m3,0.0
ID_C3MUTPZ x m4,0.0
ID_C3MUTPZ x m5,0.0
ID_C3MUTPZ x m6,0.0
ID_7H4OGKI x m1,0.0
ID_7H4OGKI x m2,0.0
ID_7H4OGKI x m3,0.0
ID_7H4OGKI x m4,0.0
ID_7H4OGKI x m5,0.0
ID_7H4OGKI x m6,0.0
ID_OG4SEHD x m1,0.0
ID_OG4SEHD x m2,0.0
ID_OG4SEHD x m3,0.0
ID_OG4SEHD x m4,0.0
ID_OG4SEHD x m5,0.0
ID_OG4SEHD x m6,0.0
ID_SZXNKXE x m1,0.0
ID_SZXNKXE x m2,0.0
ID_SZXNKXE x m3,0.0
ID_SZXNKXE x m4,0.0
ID_SZXNKXE x m5,0.0
ID_SZXNKXE x m6,0.0
ID_O7W5WU7 x m1,0.0
ID_O7W5WU7 x m2,0.0
ID_O7W5WU7 x m3,0.0
ID_O7W5WU7 x m4,0.0
ID_O7W5WU7 x m5,0.0
ID_O7W5WU7 x m6,0.0
ID_CB53ULG x m1,0.0
ID_CB53ULG x m2,0.0
ID_CB53ULG x m3,0.0
ID_CB53ULG x m4,0.0
ID_CB53ULG x m5,0.0
ID_CB53ULG x m6,0.0
ID_NUNV2JH x m1,0.0
ID_NUNV2JH x m2,0.0
ID_NUNV2JH x m3,0.0
ID_NUNV2JH x m4,0.0
ID_NUNV2JH x m5,0.0
ID_NUNV2JH x m6,0.0
ID_76FXC75 x m1,0.0
ID_76FXC75 x m2,0.0
ID_76FXC75 x m3,0.0
ID_76FXC75 x m4,0.0
ID_76FXC75 x m5,0.0
ID_76FXC75 x m6,0.0
ID_43X9ICO x m1,0.0
ID_43X9ICO x m2,0.0
ID_43X9ICO x m3,0.0
ID_43X9ICO x m4,0.0
ID_43X9ICO x m5,0.0
ID_43X9ICO x m6,0.0
ID_FU379HV x m1,0.0
ID_FU379HV x m2,0.0
ID_FU379HV x m3,0.0
ID_FU379HV x m4,0.0
ID_FU379HV x m5,0.0
ID_FU379HV x m6,0.0
ID_FQM5QX0 x m1,0.0
ID_FQM5QX0 x m2,0.0
ID_FQM5QX0 x m3,0.0
ID_FQM5QX0 x m4,0.0
ID_FQM5QX0 x m5,0.0
ID_FQM5QX0 x m6,0.0
ID_LTJ0JXP x m1,0.0
ID_LTJ0JXP x m2,0.0
ID_LTJ0JXP x m3,0.0
ID_LTJ0JXP x m4,0.0
ID_LTJ0JXP x m5,0.0
ID_LTJ0JXP x m6,0.0
ID_UH0SWF9 x m1,0.0
ID_UH0SWF9 x m2,0.0
ID_UH0SWF9 x m3,0.0
ID_UH0SWF9 x m4,0.0
ID_UH0SWF9 x m5,0.0
ID_UH0SWF9 x m6,0.0
ID_AIYSK9C x m1,0.0
ID_AIYSK9C x m2,0.0
ID_AIYSK9C x m3,0.0
ID_AIYSK9C x m4,0.0
ID_AIYSK9C x m5,0.0
ID_AIYSK9C x m6,0.0
ID_EGKARAM x m1,0.0
ID_EGKARAM x m2,0.0
ID_EGKARAM x m3,0.0
ID_EGKARAM x m4,0.0
ID_EGKARAM x m5,0.0
ID_EGKARAM x m6,0.0
ID_6HXAT47 x m1,0.0
ID_6HXAT47 x m2,0.0
ID_6HXAT47 x m3,0.0
ID_6HXAT47 x m4,0.0
ID_6HXAT47 x m5,0.0
ID_6HXAT47 x m6,0.0
ID_I0ZMW38 x m1,0.0
ID_I0ZMW38 x m2,0.0
ID_I0ZMW38 x m3,0.0
ID_I0ZMW38 x m4,0.0
ID_I0ZMW38 x m5,0.0
ID_I0ZMW38 x m6,0.0
ID_MR1VEG7 x m1,0.0
ID_MR1VEG7 x m2,0.0
ID_MR1VEG7 x m3,0.0
ID_MR1VEG7 x m4,0.0
ID_MR1VEG7 x m5,0.0
ID_MR1VEG7 x m6,0.0
ID_1ZEKVYP x m1,0.0
ID_1ZEKVYP x m2,0.0
ID_1ZEKVYP x m3,0.0
ID_1ZEKVYP x m4,0.0
ID_1ZEKVYP x m5,0.0
ID_1ZEKVYP x m6,0.0
ID_Z4GXJLV x m1,0.0
ID_Z4GXJLV x m2,0.0
ID_Z4GXJLV x m3,0.0
ID_Z4GXJLV x m4,0.0
ID_Z4GXJLV x m5,0.0
ID_Z4GXJLV x m6,0.0
ID_0DZDWNI x m1,0.0
ID_0DZDWNI x m2,0.0
ID_0DZDWNI x m3,0.0
ID_0DZDWNI x m4,0.0
ID_0DZDWNI x m5,0.0
ID_0DZDWNI x m6,0.0
ID_1IYFNC6 x m1,0.0
ID_1IYFNC6 x m2,0.0
ID_1IYFNC6 x m3,0.0
ID_1IYFNC6 x m4,0.0
ID_1IYFNC6 x m5,0.0
ID_1IYFNC6 x m6,0.0
ID_XVFJOAE x m1,0.0
ID_XVFJOAE x m2,0.0
ID_XVFJOAE x m3,0.0
ID_XVFJOAE x m4,0.0
ID_XVFJOAE x m5,0.0
ID_XVFJOAE x m6,0.0
ID_T0A2IKJ x m1,0.0
ID_T0A2IKJ x m2,0.0
ID_T0A2IKJ x m3,0.0
ID_T0A2IKJ x m4,0.0
ID_T0A2IKJ x m5,0.0
ID_T0A2IKJ x m6,0.0
ID_O4XF8DH x m1,0.0
ID_O4XF8DH x m2,0.0
ID_O4XF8DH x m3,0.0
ID_O4XF8DH x m4,0.0
ID_O4XF8DH x m5,0.0
ID_O4XF8DH x m6,0.0
ID_SJ2HPRU x m1,0.0
ID_SJ2HPRU x m2,0.0
ID_SJ2HPRU x m3,0.0
ID_SJ2HPRU x m4,0.0
ID_SJ2HPRU x m5,0.0
ID_SJ2HPRU x m6,0.0
ID_OJK5X50 x m1,0.0
ID_OJK5X50 x m2,0.0
ID_OJK5X50 x m3,0.0
ID_OJK5X50 x m4,0.0
ID_OJK5X50 x m5,0.0
ID_OJK5X50 x m6,0.0
ID_E7802OR x m1,0.0
ID_E7802OR x m2,0.0
ID_E7802OR x m3,0.0
ID_E7802OR x m4,0.0
ID_E7802OR x m5,0.0
ID_E7802OR x m6,0.0
ID_MJ43GG5 x m1,0.0
ID_MJ43GG5 x m2,0.0
ID_MJ43GG5 x m3,0.0
ID_MJ43GG5 x m4,0.0
ID_MJ43GG5 x m5,0.0
ID_MJ43GG5 x m6,0.0
ID_Z69ZYIW x m1,0.0
ID_Z69ZYIW x m2,0.0
ID_Z69ZYIW x m3,0.0
ID_Z69ZYIW x m4,0.0
ID_Z69ZYIW x m5,0.0
ID_Z69ZYIW x m6,0.0
ID_HNPC323 x m1,0.0
ID_HNPC323 x m2,0.0
ID_HNPC323 x m3,0.0
ID_HNPC323 x m4,0.0
ID_HNPC323 x m5,0.0
ID_HNPC323 x m6,0.0
ID_XN7057C x m1,0.0
ID_XN7057C x m2,0.0
ID_XN7057C x m3,0.0
ID_XN7057C x m4,0.0
ID_XN7057C x m5,0.0
ID_XN7057C x m6,0.0
ID_E4YK8JS x m1,0.0
ID_E4YK8JS x m2,0.0
ID_E4YK8JS x m3,0.0
ID_E4YK8JS x m4,0.0
ID_E4YK8JS x m5,0.0
ID_E4YK8JS x m6,0.0
ID_ERZDPZH x m1,0.0
ID_ERZDPZH x m2,0.0
ID_ERZDPZH x m3,0.0
ID_ERZDPZH x m4,0.0
ID_ERZDPZH x m5,0.0
ID_ERZDPZH x m6,0.0
ID_7XP0EYD x m1,0.0
ID_7XP0EYD x m2,0.0
ID_7XP0EYD x m3,0.0
ID_7XP0EYD x m4,0.0
ID_7XP0EYD x m5,0.0
ID_7XP0EYD x m6,0.0
ID_Q047DQ9 x m1,0.0
ID_Q047DQ9 x m2,0.0
ID_Q047DQ9 x m3,0.0
ID_Q047DQ9 x m4,0.0
ID_Q047DQ9 x m5,0.0
ID_Q047DQ9 x m6,0.0
ID_5PD6JF6 x m1,0.0
ID_5PD6JF6 x m2,0.0
ID_5PD6JF6 x m3,0.0
ID_5PD6JF6 x m4,0.0
ID_5PD6JF6 x m5,0.0
ID_5PD6JF6 x m6,0.0
ID_MQ0L8HC x m1,0.0
ID_MQ0L8HC x m2,0.0
ID_MQ0L8HC x m3,0.0
ID_MQ0L8HC x m4,0.0
ID_MQ0L8HC x m5,0.0
ID_MQ0L8HC x m6,0.0
ID_8QT25PK x m1,0.0
ID_8QT25PK x m2,0.0
ID_8QT25PK x m3,0.0
ID_8QT25PK x m4,0.0
ID_8QT25PK x m5,0.0
ID_8QT25PK x m6,0.0
ID_UWA25LJ x m1,0.0
ID_UWA25LJ x m2,0.0
ID_UWA25LJ x m3,0.0
ID_UWA25LJ x m4,0.0
ID_UWA25LJ x m5,0.0
ID_UWA25LJ x m6,0.0
ID_0O2NIJS x m1,0.0
ID_0O2NIJS x m2,0.0
ID_0O2NIJS x m3,0.0
ID_0O2NIJS x m4,0.0
ID_0O2NIJS x m5,0.0
ID_0O2NIJS x m6,0.0
ID_QZMLDTN x m1,0.0
ID_QZMLDTN x m2,0.0
ID_QZMLDTN x m3,0.0
ID_QZMLDTN x m4,0.0
ID_QZMLDTN x m5,0.0
ID_QZMLDTN x m6,0.0
ID_T83X6DA x m1,0.0
ID_T83X6DA x m2,0.0
ID_T83X6DA x m3,0.0
ID_T83X6DA x m4,0.0
ID_T83X6DA x m5,0.0
ID_T83X6DA x m6,0.0
ID_P0XRZ5X x m1,0.0
ID_P0XRZ5X x m2,0.0
ID_P0XRZ5X x m3,0.0
ID_P0XRZ5X x m4,0.0
ID_P0XRZ5X x m5,0.0
ID_P0XRZ5X x m6,0.0
ID_QQSZANR x m1,0.0
ID_QQSZANR x m2,0.0
ID_QQSZANR x m3,0.0
ID_QQSZANR x m4,0.0
ID_QQSZANR x m5,0.0
ID_QQSZANR x m6,0.0
ID_5EEBY9O x m1,0.0
ID_5EEBY9O x m2,0.0
ID_5EEBY9O x m3,0.0
ID_5EEBY9O x m4,0.0
ID_5EEBY9O x m5,0.0
ID_5EEBY9O x m6,0.0
ID_X79462Q x m1,0.0
ID_X79462Q x m2,0.0
ID_X79462Q x m3,0.0
ID_X79462Q x m4,0.0
ID_X79462Q x m5,0.0
ID_X79462Q x m6,0.0
ID_NW2WW71 x m1,0.0
ID_NW2WW71 x m2,0.0
ID_NW2WW71 x m3,0.0
ID_NW2WW71 x m4,0.0
ID_NW2WW71 x m5,0.0
ID_NW2WW71 x m6,0.0
ID_RN0CPJK x m1,0.0
ID_RN0CPJK x m2,0.0
ID_RN0CPJK x m3,0.0
ID_RN0CPJK x m4,0.0
ID_RN0CPJK x m5,0.0
ID_RN0CPJK x m6,0.0
ID_3UNM539 x m1,0.0
ID_3UNM539 x m2,0.0
ID_3UNM539 x m3,0.0
ID_3UNM539 x m4,0.0
ID_3UNM539 x m5,0.0
ID_3UNM539 x m6,0.0
ID_5MQNLT4 x m1,0.0
ID_5MQNLT4 x m2,0.0
ID_5MQNLT4 x m3,0.0
ID_5MQNLT4 x m4,0.0
ID_5MQNLT4 x m5,0.0
ID_5MQNLT4 x m6,0.0
ID_5R2W5IY x m1,0.0
ID_5R2W5IY x m2,0.0
ID_5R2W5IY x m3,0.0
ID_5R2W5IY x m4,0.0
ID_5R2W5IY x m5,0.0
ID_5R2W5IY x m6,0.0
ID_CJ5A6U0 x m1,0.0
ID_CJ5A6U0 x m2,0.0
ID_CJ5A6U0 x m3,0.0
ID_CJ5A6U0 x m4,0.0
ID_CJ5A6U0 x m5,0.0
ID_CJ5A6U0 x m6,0.0
ID_JBGD748 x m1,0.0
ID_JBGD748 x m2,0.0
ID_JBGD748 x m3,0.0
ID_JBGD748 x m4,0.0
ID_JBGD748 x m5,0.0
ID_JBGD748 x m6,0.0
ID_FDUU40V x m1,0.0
ID_FDUU40V x m2,0.0
ID_FDUU40V x m3,0.0
ID_FDUU40V x m4,0.0
ID_FDUU40V x m5,0.0
ID_FDUU40V x m6,0.0
ID_PQF813D x m1,0.0
ID_PQF813D x m2,0.0
ID_PQF813D x m3,0.0
ID_PQF813D x m4,0.0
ID_PQF813D x m5,0.0
ID_PQF813D x m6,0.0
ID_D409XM3 x m1,0.0
ID_D409XM3 x m2,0.0
ID_D409XM3 x m3,0.0
ID_D409XM3 x m4,0.0
ID_D409XM3 x m5,0.0
ID_D409XM3 x m6,0.0
ID_1HWKL2N x m1,0.0
ID_1HWKL2N x m2,0.0
ID_1HWKL2N x m3,0.0
ID_1HWKL2N x m4,0.0
ID_1HWKL2N x m5,0.0
ID_1HWKL2N x m6,0.0
ID_8E6REFY x m1,0.0
ID_8E6REFY x m2,0.0
ID_8E6REFY x m3,0.0
ID_8E6REFY x m4,0.0
ID_8E6REFY x m5,0.0
ID_8E6REFY x m6,0.0
ID_ZSF4IB8 x m1,0.0
ID_ZSF4IB8 x m2,0.0
ID_ZSF4IB8 x m3,0.0
ID_ZSF4IB8 x m4,0.0
ID_ZSF4IB8 x m5,0.0
ID_ZSF4IB8 x m6,0.0
ID_175XSYD x m1,0.0
ID_175XSYD x m2,0.0
ID_175XSYD x m3,0.0
ID_175XSYD x m4,0.0
ID_175XSYD x m5,0.0
ID_175XSYD x m6,0.0
ID_4J965YW x m1,0.0
ID_4J965YW x m2,0.0
ID_4J965YW x m3,0.0
ID_4J965YW x m4,0.0
ID_4J965YW x m5,0.0
ID_4J965YW x m6,0.0
ID_0FVQ7PC x m1,0.0
ID_0FVQ7PC x m2,0.0
ID_0FVQ7PC x m3,0.0
ID_0FVQ7PC x m4,0.0
ID_0FVQ7PC x m5,0.0
ID_0FVQ7PC x m6,0.0
ID_HI56VCP x m1,0.0
ID_HI56VCP x m2,0.0
ID_HI56VCP x m3,0.0
ID_HI56VCP x m4,0.0
ID_HI56VCP x m5,0.0
ID_HI56VCP x m6,0.0
ID_7R17ZS7 x m1,0.0
ID_7R17ZS7 x m2,0.0
ID_7R17ZS7 x m3,0.0
ID_7R17ZS7 x m4,0.0
ID_7R17ZS7 x m5,0.0
ID_7R17ZS7 x m6,0.0
ID_9AHB1HB x m1,0.0
ID_9AHB1HB x m2,0.0
ID_9AHB1HB x m3,0.0
ID_9AHB1HB x m4,0.0
ID_9AHB1HB x m5,0.0
ID_9AHB1HB x m6,0.0
ID_R1ZYP96 x m1,0.0
ID_R1ZYP96 x m2,0.0
ID_R1ZYP96 x m3,0.0
ID_R1ZYP96 x m4,0.0
ID_R1ZYP96 x m5,0.0
ID_R1ZYP96 x m6,0.0
ID_N1D3Y0U x m1,0.0
ID_N1D3Y0U x m2,0.0
ID_N1D3Y0U x m3,0.0
ID_N1D3Y0U x m4,0.0
ID_N1D3Y0U x m5,0.0
ID_N1D3Y0U x m6,0.0
ID_FQZ7J8K x m1,0.0
ID_FQZ7J8K x m2,0.0
ID_FQZ7J8K x m3,0.0
ID_FQZ7J8K x m4,0.0
ID_FQZ7J8K x m5,0.0
ID_FQZ7J8K x m6,0.0
ID_PY6JSYZ x m1,0.0
ID_PY6JSYZ x m2,0.0
ID_PY6JSYZ x m3,0.0
ID_PY6JSYZ x m4,0.0
ID_PY6JSYZ x m5,0.0
ID_PY6JSYZ x m6,0.0
ID_AYW0JJI x m1,0.0
ID_AYW0JJI x m2,0.0
ID_AYW0JJI x m3,0.0
ID_AYW0JJI x m4,0.0
ID_AYW0JJI x m5,0.0
ID_AYW0JJI x m6,0.0
ID_FQZJ905 x m1,0.0
ID_FQZJ905 x m2,0.0
ID_FQZJ905 x m3,0.0
ID_FQZJ905 x m4,0.0
ID_FQZJ905 x m5,0.0
ID_FQZJ905 x m6,0.0
ID_6XVL8LB x m1,0.0
ID_6XVL8LB x m2,0.0
ID_6XVL8LB x m3,0.0
ID_6XVL8LB x m4,0.0
ID_6XVL8LB x m5,0.0
ID_6XVL8LB x m6,0.0
ID_VX6890S x m1,0.0
ID_VX6890S x m2,0.0
ID_VX6890S x m3,0.0
ID_VX6890S x m4,0.0
ID_VX6890S x m5,0.0
ID_VX6890S x m6,0.0
ID_8T6TH96 x m1,0.0
ID_8T6TH96 x m2,0.0
ID_8T6TH96 x m3,0.0
ID_8T6TH96 x m4,0.0
ID_8T6TH96 x m5,0.0
ID_8T6TH96 x m6,0.0
ID_13A6LJT x m1,0.0
ID_13A6LJT x m2,0.0
ID_13A6LJT x m3,0.0
ID_13A6LJT x m4,0.0
ID_13A6LJT x m5,0.0
ID_13A6LJT x m6,0.0
ID_LEUOOBP x m1,0.0
ID_LEUOOBP x m2,0.0
ID_LEUOOBP x m3,0.0
ID_LEUOOBP x m4,0.0
ID_LEUOOBP x m5,0.0
ID_LEUOOBP x m6,0.0
ID_KQ3793I x m1,0.0
ID_KQ3793I x m2,0.0
ID_KQ3793I x m3,0.0
ID_KQ3793I x m4,0.0
ID_KQ3793I x m5,0.0
ID_KQ3793I x m6,0.0
ID_6HBHR6N x m1,0.0
ID_6HBHR6N x m2,0.0
ID_6HBHR6N x m3,0.0
ID_6HBHR6N x m4,0.0
ID_6HBHR6N x m5,0.0
ID_6HBHR6N x m6,0.0
ID_E607Z07 x m1,0.0
ID_E607Z07 x m2,0.0
ID_E607Z07 x m3,0.0
ID_E607Z07 x m4,0.0
ID_E607Z07 x m5,0.0
ID_E607Z07 x m6,0.0
ID_M25HH56 x m1,0.0
ID_M25HH56 x m2,0.0
ID_M25HH56 x m3,0.0
ID_M25HH56 x m4,0.0
ID_M25HH56 x m5,0.0
ID_M25HH56 x m6,0.0
ID_A7618FW x m1,0.0
ID_A7618FW x m2,0.0
ID_A7618FW x m3,0.0
ID_A7618FW x m4,0.0
ID_A7618FW x m5,0.0
ID_A7618FW x m6,0.0
ID_WCEZHY5 x m1,0.0
ID_WCEZHY5 x m2,0.0
ID_WCEZHY5 x m3,0.0
ID_WCEZHY5 x m4,0.0
ID_WCEZHY5 x m5,0.0
ID_WCEZHY5 x m6,0.0
ID_GE5S7ZC x m1,0.0
ID_GE5S7ZC x m2,0.0
ID_GE5S7ZC x m3,0.0
ID_GE5S7ZC x m4,0.0
ID_GE5S7ZC x m5,0.0
ID_GE5S7ZC x m6,0.0
ID_47E4DGO x m1,0.0
ID_47E4DGO x m2,0.0
ID_47E4DGO x m3,0.0
ID_47E4DGO x m4,0.0
ID_47E4DGO x m5,0.0
ID_47E4DGO x m6,0.0
ID_P6BDYWI x m1,0.0
ID_P6BDYWI x m2,0.0
ID_P6BDYWI x m3,0.0
ID_P6BDYWI x m4,0.0
ID_P6BDYWI x m5,0.0
ID_P6BDYWI x m6,0.0
ID_63THF56 x m1,0.0
ID_63THF56 x m2,0.0
ID_63THF56 x m3,0.0
ID_63THF56 x m4,0.0
ID_63THF56 x m5,0.0
ID_63THF56 x m6,0.0
ID_B7GL1KK x m1,0.0
ID_B7GL1KK x m2,0.0
ID_B7GL1KK x m3,0.0
ID_B7GL1KK x m4,0.0
ID_B7GL1KK x m5,0.0
ID_B7GL1KK x m6,0.0
ID_T023RBA x m1,0.0
ID_T023RBA x m2,0.0
ID_T023RBA x m3,0.0
ID_T023RBA x m4,0.0
ID_T023RBA x m5,0.0
ID_T023RBA x m6,0.0
ID_NO7YUTC x m1,0.0
ID_NO7YUTC x m2,0.0
ID_NO7YUTC x m3,0.0
ID_NO7YUTC x m4,0.0
ID_NO7YUTC x m5,0.0
ID_NO7YUTC x m6,0.0
ID_CL678XC x m1,0.0
ID_CL678XC x m2,0.0
ID_CL678XC x m3,0.0
ID_CL678XC x m4,0.0
ID_CL678XC x m5,0.0
ID_CL678XC x m6,0.0
ID_664W4QQ x m1,0.0
ID_664W4QQ x m2,0.0
ID_664W4QQ x m3,0.0
ID_664W4QQ x m4,0.0
ID_664W4QQ x m5,0.0
ID_664W4QQ x m6,0.0
ID_MAS6IBG x m1,0.0
ID_MAS6IBG x m2,0.0
ID_MAS6IBG x m3,0.0
ID_MAS6IBG x m4,0.0
ID_MAS6IBG x m5,0.0
ID_MAS6IBG x m6,0.0
ID_YM00L9G x m1,0.0
ID_YM00L9G x m2,0.0
ID_YM00L9G x m3,0.0
ID_YM00L9G x m4,0.0
ID_YM00L9G x m5,0.0
ID_YM00L9G x m6,0.0
ID_P5CHJIL x m1,0.0
ID_P5CHJIL x m2,0.0
ID_P5CHJIL x m3,0.0
ID_P5CHJIL x m4,0.0
ID_P5CHJIL x m5,0.0
ID_P5CHJIL x m6,0.0
ID_53ZL4I4 x m1,0.0
ID_53ZL4I4 x m2,0.0
ID_53ZL4I4 x m3,0.0
ID_53ZL4I4 x m4,0.0
ID_53ZL4I4 x m5,0.0
ID_53ZL4I4 x m6,0.0
ID_3CL4Z0U x m1,0.0
ID_3CL4Z0U x m2,0.0
ID_3CL4Z0U x m3,0.0
ID_3CL4Z0U x m4,0.0
ID_3CL4Z0U x m5,0.0
ID_3CL4Z0U x m6,0.0
ID_HL2ATTV x m1,0.0
ID_HL2ATTV x m2,0.0
ID_HL2ATTV x m3,0.0
ID_HL2ATTV x m4,0.0
ID_HL2ATTV x m5,0.0
ID_HL2ATTV x m6,0.0
ID_7FBJTUL x m1,0.0
ID_7FBJTUL x m2,0.0
ID_7FBJTUL x m3,0.0
ID_7FBJTUL x m4,0.0
ID_7FBJTUL x m5,0.0
ID_7FBJTUL x m6,0.0
ID_8L4MPO7 x m1,0.0
ID_8L4MPO7 x m2,0.0
ID_8L4MPO7 x m3,0.0
ID_8L4MPO7 x m4,0.0
ID_8L4MPO7 x m5,0.0
ID_8L4MPO7 x m6,0.0
ID_D9IVVVQ x m1,0.0
ID_D9IVVVQ x m2,0.0
ID_D9IVVVQ x m3,0.0
ID_D9IVVVQ x m4,0.0
ID_D9IVVVQ x m5,0.0
ID_D9IVVVQ x m6,0.0
ID_YY4D7EJ x m1,0.0
ID_YY4D7EJ x m2,0.0
ID_YY4D7EJ x m3,0.0
ID_YY4D7EJ x m4,0.0
ID_YY4D7EJ x m5,0.0
ID_YY4D7EJ x m6,0.0
ID_BXPDY5P x m1,0.0
ID_BXPDY5P x m2,0.0
ID_BXPDY5P x m3,0.0
ID_BXPDY5P x m4,0.0
ID_BXPDY5P x m5,0.0
ID_BXPDY5P x m6,0.0
ID_EDVON2I x m1,0.0
ID_EDVON2I x m2,0.0
ID_EDVON2I x m3,0.0
ID_EDVON2I x m4,0.0
ID_EDVON2I x m5,0.0
ID_EDVON2I x m6,0.0
ID_2GB9E27 x m1,0.0
ID_2GB9E27 x m2,0.0
ID_2GB9E27 x m3,0.0
ID_2GB9E27 x m4,0.0
ID_2GB9E27 x m5,0.0
ID_2GB9E27 x m6,0.0
ID_URB2357 x m1,0.0
ID_URB2357 x m2,0.0
ID_URB2357 x m3,0.0
ID_URB2357 x m4,0.0
ID_URB2357 x m5,0.0
ID_URB2357 x m6,0.0
ID_AT4JQ3Y x m1,0.0
ID_AT4JQ3Y x m2,0.0
ID_AT4JQ3Y x m3,0.0
ID_AT4JQ3Y x m4,0.0
ID_AT4JQ3Y x m5,0.0
ID_AT4JQ3Y x m6,0.0
ID_E96DGBO x m1,0.0
ID_E96DGBO x m2,0.0
ID_E96DGBO x m3,0.0
ID_E96DGBO x m4,0.0
ID_E96DGBO x m5,0.0
ID_E96DGBO x m6,0.0
ID_D91O1RX x m1,0.0
ID_D91O1RX x m2,0.0
ID_D91O1RX x m3,0.0
ID_D91O1RX x m4,0.0
ID_D91O1RX x m5,0.0
ID_D91O1RX x m6,0.0
ID_PXDSLVD x m1,0.0
ID_PXDSLVD x m2,0.0
ID_PXDSLVD x m3,0.0
ID_PXDSLVD x m4,0.0
ID_PXDSLVD x m5,0.0
ID_PXDSLVD x m6,0.0
ID_02WJRXD x m1,0.0
ID_02WJRXD x m2,0.0
ID_02WJRXD x m3,0.0
ID_02WJRXD x m4,0.0
ID_02WJRXD x m5,0.0
ID_02WJRXD x m6,0.0
ID_1U4QPWM x m1,0.0
ID_1U4QPWM x m2,0.0
ID_1U4QPWM x m3,0.0
ID_1U4QPWM x m4,0.0
ID_1U4QPWM x m5,0.0
ID_1U4QPWM x m6,0.0
ID_EKXAA64 x m1,0.0
ID_EKXAA64 x m2,0.0
ID_EKXAA64 x m3,0.0
ID_EKXAA64 x m4,0.0
ID_EKXAA64 x m5,0.0
ID_EKXAA64 x m6,0.0
ID_50AO6DX x m1,0.0
ID_50AO6DX x m2,0.0
ID_50AO6DX x m3,0.0
ID_50AO6DX x m4,0.0
ID_50AO6DX x m5,0.0
ID_50AO6DX x m6,0.0
ID_8NAYL1C x m1,0.0
ID_8NAYL1C x m2,0.0
ID_8NAYL1C x m3,0.0
ID_8NAYL1C x m4,0.0
ID_8NAYL1C x m5,0.0
ID_8NAYL1C x m6,0.0
ID_WOEHKTO x m1,0.0
ID_WOEHKTO x m2,0.0
ID_WOEHKTO x m3,0.0
ID_WOEHKTO x m4,0.0
ID_WOEHKTO x m5,0.0
ID_WOEHKTO x m6,0.0
ID_IEUGCAF x m1,0.0
ID_IEUGCAF x m2,0.0
ID_IEUGCAF x m3,0.0
ID_IEUGCAF x m4,0.0
ID_IEUGCAF x m5,0.0
ID_IEUGCAF x m6,0.0
ID_YUU6APE x m1,0.0
ID_YUU6APE x m2,0.0
ID_YUU6APE x m3,0.0
ID_YUU6APE x m4,0.0
ID_YUU6APE x m5,0.0
ID_YUU6APE x m6,0.0
ID_6ETY28B x m1,0.0
ID_6ETY28B x m2,0.0
ID_6ETY28B x m3,0.0
ID_6ETY28B x m4,0.0
ID_6ETY28B x m5,0.0
ID_6ETY28B x m6,0.0
ID_LEROGTK x m1,0.0
ID_LEROGTK x m2,0.0
ID_LEROGTK x m3,0.0
ID_LEROGTK x m4,0.0
ID_LEROGTK x m5,0.0
ID_LEROGTK x m6,0.0
ID_SXIB7OZ x m1,0.0
ID_SXIB7OZ x m2,0.0
ID_SXIB7OZ x m3,0.0
ID_SXIB7OZ x m4,0.0
ID_SXIB7OZ x m5,0.0
ID_SXIB7OZ x m6,0.0
ID_DV07PGH x m1,0.0
ID_DV07PGH x m2,0.0
ID_DV07PGH x m3,0.0
ID_DV07PGH x m4,0.0
ID_DV07PGH x m5,0.0
ID_DV07PGH x m6,0.0
ID_69DLLXR x m1,0.0
ID_69DLLXR x m2,0.0
ID_69DLLXR x m3,0.0
ID_69DLLXR x m4,0.0
ID_69DLLXR x m5,0.0
ID_69DLLXR x m6,0.0
ID_4EQ09SJ x m1,0.0
ID_4EQ09SJ x m2,0.0
ID_4EQ09SJ x m3,0.0
ID_4EQ09SJ x m4,0.0
ID_4EQ09SJ x m5,0.0
ID_4EQ09SJ x m6,0.0
ID_OIJD2S6 x m1,0.0
ID_OIJD2S6 x m2,0.0
ID_OIJD2S6 x m3,0.0
ID_OIJD2S6 x m4,0.0
ID_OIJD2S6 x m5,0.0
ID_OIJD2S6 x m6,0.0
ID_WA2IOP1 x m1,0.0
ID_WA2IOP1 x m2,0.0
ID_WA2IOP1 x m3,0.0
ID_WA2IOP1 x m4,0.0
ID_WA2IOP1 x m5,0.0
ID_WA2IOP1 x m6,0.0
ID_UI37QXT x m1,0.0
ID_UI37QXT x m2,0.0
ID_UI37QXT x m3,0.0
ID_UI37QXT x m4,0.0
ID_UI37QXT x m5,0.0
ID_UI37QXT x m6,0.0
ID_L0JOLET x m1,0.0
ID_L0JOLET x m2,0.0
ID_L0JOLET x m3,0.0
ID_L0JOLET x m4,0.0
ID_L0JOLET x m5,0.0
ID_L0JOLET x m6,0.0
ID_VTZG5HR x m1,0.0
ID_VTZG5HR x m2,0.0
ID_VTZG5HR x m3,0.0
ID_VTZG5HR x m4,0.0
ID_VTZG5HR x m5,0.0
ID_VTZG5HR x m6,0.0
ID_6VEWFX4 x m1,0.0
ID_6VEWFX4 x m2,0.0
ID_6VEWFX4 x m3,0.0
ID_6VEWFX4 x m4,0.0
ID_6VEWFX4 x m5,0.0
ID_6VEWFX4 x m6,0.0
ID_W63UOWR x m1,0.0
ID_W63UOWR x m2,0.0
ID_W63UOWR x m3,0.0
ID_W63UOWR x m4,0.0
ID_W63UOWR x m5,0.0
ID_W63UOWR x m6,0.0
ID_Z3MV29S x m1,0.0
ID_Z3MV29S x m2,0.0
ID_Z3MV29S x m3,0.0
ID_Z3MV29S x m4,0.0
ID_Z3MV29S x m5,0.0
ID_Z3MV29S x m6,0.0
ID_SLGHG92 x m1,0.0
ID_SLGHG92 x m2,0.0
ID_SLGHG92 x m3,0.0
ID_SLGHG92 x m4,0.0
ID_SLGHG92 x m5,0.0
ID_SLGHG92 x m6,0.0
ID_2LXBQ8E x m1,0.0
ID_2LXBQ8E x m2,0.0
ID_2LXBQ8E x m3,0.0
ID_2LXBQ8E x m4,0.0
ID_2LXBQ8E x m5,0.0
ID_2LXBQ8E x m6,0.0
ID_8MSP443 x m1,0.0
ID_8MSP443 x m2,0.0
ID_8MSP443 x m3,0.0
ID_8MSP443 x m4,0.0
ID_8MSP443 x m5,0.0
ID_8MSP443 x m6,0.0
ID_6K3MME6 x m1,0.0
ID_6K3MME6 x m2,0.0
ID_6K3MME6 x m3,0.0
ID_6K3MME6 x m4,0.0
ID_6K3MME6 x m5,0.0
ID_6K3MME6 x m6,0.0
ID_3JIA5OC x m1,0.0
ID_3JIA5OC x m2,0.0
ID_3JIA5OC x m3,0.0
ID_3JIA5OC x m4,0.0
ID_3JIA5OC x m5,0.0
ID_3JIA5OC x m6,0.0
ID_CJUEK1E x m1,0.0
ID_CJUEK1E x m2,0.0
ID_CJUEK1E x m3,0.0
ID_CJUEK1E x m4,0.0
ID_CJUEK1E x m5,0.0
ID_CJUEK1E x m6,0.0
ID_4OSR9LY x m1,0.0
ID_4OSR9LY x m2,0.0
ID_4OSR9LY x m3,0.0
ID_4OSR9LY x m4,0.0
ID_4OSR9LY x m5,0.0
ID_4OSR9LY x m6,0.0
ID_J33MJSL x m1,0.0
ID_J33MJSL x m2,0.0
ID_J33MJSL x m3,0.0
ID_J33MJSL x m4,0.0
ID_J33MJSL x m5,0.0
ID_J33MJSL x m6,0.0
ID_ST70X3U x m1,0.0
ID_ST70X3U x m2,0.0
ID_ST70X3U x m3,0.0
ID_ST70X3U x m4,0.0
ID_ST70X3U x m5,0.0
ID_ST70X3U x m6,0.0
ID_UBD85K8 x m1,0.0
ID_UBD85K8 x m2,0.0
ID_UBD85K8 x m3,0.0
ID_UBD85K8 x m4,0.0
ID_UBD85K8 x m5,0.0
ID_UBD85K8 x m6,0.0
ID_75GB4TM x m1,0.0
ID_75GB4TM x m2,0.0
ID_75GB4TM x m3,0.0
ID_75GB4TM x m4,0.0
ID_75GB4TM x m5,0.0
ID_75GB4TM x m6,0.0
ID_TC2EU8E x m1,0.0
ID_TC2EU8E x m2,0.0
ID_TC2EU8E x m3,0.0
ID_TC2EU8E x m4,0.0
ID_TC2EU8E x m5,0.0
ID_TC2EU8E x m6,0.0
ID_I0DH8RZ x m1,0.0
ID_I0DH8RZ x m2,0.0
ID_I0DH8RZ x m3,0.0
ID_I0DH8RZ x m4,0.0
ID_I0DH8RZ x m5,0.0
ID_I0DH8RZ x m6,0.0
ID_7NU9U6Q x m1,0.0
ID_7NU9U6Q x m2,0.0
ID_7NU9U6Q x m3,0.0
ID_7NU9U6Q x m4,0.0
ID_7NU9U6Q x m5,0.0
ID_7NU9U6Q x m6,0.0
ID_RQ9FYBC x m1,0.0
ID_RQ9FYBC x m2,0.0
ID_RQ9FYBC x m3,0.0
ID_RQ9FYBC x m4,0.0
ID_RQ9FYBC x m5,0.0
ID_RQ9FYBC x m6,0.0
ID_OAE100Q x m1,0.0
ID_OAE100Q x m2,0.0
ID_OAE100Q x m3,0.0
ID_OAE100Q x m4,0.0
ID_OAE100Q x m5,0.0
ID_OAE100Q x m6,0.0
ID_VPJ28CZ x m1,0.0
ID_VPJ28CZ x m2,0.0
ID_VPJ28CZ x m3,0.0
ID_VPJ28CZ x m4,0.0
ID_VPJ28CZ x m5,0.0
ID_VPJ28CZ x m6,0.0
ID_JL1V93O x m1,0.0
ID_JL1V93O x m2,0.0
ID_JL1V93O x m3,0.0
ID_JL1V93O x m4,0.0
ID_JL1V93O x m5,0.0
ID_JL1V93O x m6,0.0
ID_HED6M4D x m1,0.0
ID_HED6M4D x m2,0.0
ID_HED6M4D x m3,0.0
ID_HED6M4D x m4,0.0
ID_HED6M4D x m5,0.0
ID_HED6M4D x m6,0.0
ID_JUET75W x m1,0.0
ID_JUET75W x m2,0.0
ID_JUET75W x m3,0.0
ID_JUET75W x m4,0.0
ID_JUET75W x m5,0.0
ID_JUET75W x m6,0.0
ID_8JAPK4Y x m1,0.0
ID_8JAPK4Y x m2,0.0
ID_8JAPK4Y x m3,0.0
ID_8JAPK4Y x m4,0.0
ID_8JAPK4Y x m5,0.0
ID_8JAPK4Y x m6,0.0
ID_ANABBWK x m1,0.0
ID_ANABBWK x m2,0.0
ID_ANABBWK x m3,0.0
ID_ANABBWK x m4,0.0
ID_ANABBWK x m5,0.0
ID_ANABBWK x m6,0.0
ID_ZX1JRJE x m1,0.0
ID_ZX1JRJE x m2,0.0
ID_ZX1JRJE x m3,0.0
ID_ZX1JRJE x m4,0.0
ID_ZX1JRJE x m5,0.0
ID_ZX1JRJE x m6,0.0
ID_5P1IAK0 x m1,0.0
ID_5P1IAK0 x m2,0.0
ID_5P1IAK0 x m3,0.0
ID_5P1IAK0 x m4,0.0
ID_5P1IAK0 x m5,0.0
ID_5P1IAK0 x m6,0.0
ID_W1XL0ZV x m1,0.0
ID_W1XL0ZV x m2,0.0
ID_W1XL0ZV x m3,0.0
ID_W1XL0ZV x m4,0.0
ID_W1XL0ZV x m5,0.0
ID_W1XL0ZV x m6,0.0
ID_SDQYTVN x m1,0.0
ID_SDQYTVN x m2,0.0
ID_SDQYTVN x m3,0.0
ID_SDQYTVN x m4,0.0
ID_SDQYTVN x m5,0.0
ID_SDQYTVN x m6,0.0
ID_O2PZ7IC x m1,0.0
ID_O2PZ7IC x m2,0.0
ID_O2PZ7IC x m3,0.0
ID_O2PZ7IC x m4,0.0
ID_O2PZ7IC x m5,0.0
ID_O2PZ7IC x m6,0.0
ID_D9UQ34S x m1,0.0
ID_D9UQ34S x m2,0.0
ID_D9UQ34S x m3,0.0
ID_D9UQ34S x m4,0.0
ID_D9UQ34S x m5,0.0
ID_D9UQ34S x m6,0.0
ID_Z9LDN2J x m1,0.0
ID_Z9LDN2J x m2,0.0
ID_Z9LDN2J x m3,0.0
ID_Z9LDN2J x m4,0.0
ID_Z9LDN2J x m5,0.0
ID_Z9LDN2J x m6,0.0
ID_EF5AKHT x m1,0.0
ID_EF5AKHT x m2,0.0
ID_EF5AKHT x m3,0.0
ID_EF5AKHT x m4,0.0
ID_EF5AKHT x m5,0.0
ID_EF5AKHT x m6,0.0
ID_PFKW351 x m1,0.0
ID_PFKW351 x m2,0.0
ID_PFKW351 x m3,0.0
ID_PFKW351 x m4,0.0
ID_PFKW351 x m5,0.0
ID_PFKW351 x m6,0.0
ID_ALQ7OM5 x m1,0.0
ID_ALQ7OM5 x m2,0.0
ID_ALQ7OM5 x m3,0.0
ID_ALQ7OM5 x m4,0.0
ID_ALQ7OM5 x m5,0.0
ID_ALQ7OM5 x m6,0.0
ID_G7VWCSP x m1,0.0
ID_G7VWCSP x m2,0.0
ID_G7VWCSP x m3,0.0
ID_G7VWCSP x m4,0.0
ID_G7VWCSP x m5,0.0
ID_G7VWCSP x m6,0.0
ID_1OOG1JQ x m1,0.0
ID_1OOG1JQ x m2,0.0
ID_1OOG1JQ x m3,0.0
ID_1OOG1JQ x m4,0.0
ID_1OOG1JQ x m5,0.0
ID_1OOG1JQ x m6,0.0
ID_JJX3CDF x m1,0.0
ID_JJX3CDF x m2,0.0
ID_JJX3CDF x m3,0.0
ID_JJX3CDF x m4,0.0
ID_JJX3CDF x m5,0.0
ID_JJX3CDF x m6,0.0
ID_LDCJJN4 x m1,0.0
ID_LDCJJN4 x m2,0.0
ID_LDCJJN4 x m3,0.0
ID_LDCJJN4 x m4,0.0
ID_LDCJJN4 x m5,0.0
ID_LDCJJN4 x m6,0.0
ID_KJGPQEF x m1,0.0
ID_KJGPQEF x m2,0.0
ID_KJGPQEF x m3,0.0
ID_KJGPQEF x m4,0.0
ID_KJGPQEF x m5,0.0
ID_KJGPQEF x m6,0.0
ID_FJ890NG x m1,0.0
ID_FJ890NG x m2,0.0
ID_FJ890NG x m3,0.0
ID_FJ890NG x m4,0.0
ID_FJ890NG x m5,0.0
ID_FJ890NG x m6,0.0
ID_X6UAJLL x m1,0.0
ID_X6UAJLL x m2,0.0
ID_X6UAJLL x m3,0.0
ID_X6UAJLL x m4,0.0
ID_X6UAJLL x m5,0.0
ID_X6UAJLL x m6,0.0
ID_P48SFX8 x m1,0.0
ID_P48SFX8 x m2,0.0
ID_P48SFX8 x m3,0.0
ID_P48SFX8 x m4,0.0
ID_P48SFX8 x m5,0.0
ID_P48SFX8 x m6,0.0
ID_ITJOQM0 x m1,0.0
ID_ITJOQM0 x m2,0.0
ID_ITJOQM0 x m3,0.0
ID_ITJOQM0 x m4,0.0
ID_ITJOQM0 x m5,0.0
ID_ITJOQM0 x m6,0.0
ID_3RFCE8I x m1,0.0
ID_3RFCE8I x m2,0.0
ID_3RFCE8I x m3,0.0
ID_3RFCE8I x m4,0.0
ID_3RFCE8I x m5,0.0
ID_3RFCE8I x m6,0.0
ID_UOPKC7U x m1,0.0
ID_UOPKC7U x m2,0.0
ID_UOPKC7U x m3,0.0
ID_UOPKC7U x m4,0.0
ID_UOPKC7U x m5,0.0
ID_UOPKC7U x m6,0.0
ID_CUR3SVV x m1,0.0
ID_CUR3SVV x m2,0.0
ID_CUR3SVV x m3,0.0
ID_CUR3SVV x m4,0.0
ID_CUR3SVV x m5,0.0
ID_CUR3SVV x m6,0.0
ID_N2L1EUE x m1,0.0
ID_N2L1EUE x m2,0.0
ID_N2L1EUE x m3,0.0
ID_N2L1EUE x m4,0.0
ID_N2L1EUE x m5,0.0
ID_N2L1EUE x m6,0.0
ID_AZCA1AO x m1,0.0
ID_AZCA1AO x m2,0.0
ID_AZCA1AO x m3,0.0
ID_AZCA1AO x m4,0.0
ID_AZCA1AO x m5,0.0
ID_AZCA1AO x m6,0.0
ID_CRL86PU x m1,0.0
ID_CRL86PU x m2,0.0
ID_CRL86PU x m3,0.0
ID_CRL86PU x m4,0.0
ID_CRL86PU x m5,0.0
ID_CRL86PU x m6,0.0
ID_0BG3UM7 x m1,0.0
ID_0BG3UM7 x m2,0.0
ID_0BG3UM7 x m3,0.0
ID_0BG3UM7 x m4,0.0
ID_0BG3UM7 x m5,0.0
ID_0BG3UM7 x m6,0.0
ID_AP0CPWL x m1,0.0
ID_AP0CPWL x m2,0.0
ID_AP0CPWL x m3,0.0
ID_AP0CPWL x m4,0.0
ID_AP0CPWL x m5,0.0
ID_AP0CPWL x m6,0.0
ID_O2GXBZA x m1,0.0
ID_O2GXBZA x m2,0.0
ID_O2GXBZA x m3,0.0
ID_O2GXBZA x m4,0.0
ID_O2GXBZA x m5,0.0
ID_O2GXBZA x m6,0.0
ID_JYZJUVN x m1,0.0
ID_JYZJUVN x m2,0.0
ID_JYZJUVN x m3,0.0
ID_JYZJUVN x m4,0.0
ID_JYZJUVN x m5,0.0
ID_JYZJUVN x m6,0.0
ID_8SO4HI6 x m1,0.0
ID_8SO4HI6 x m2,0.0
ID_8SO4HI6 x m3,0.0
ID_8SO4HI6 x m4,0.0
ID_8SO4HI6 x m5,0.0
ID_8SO4HI6 x m6,0.0
ID_33UC8V2 x m1,0.0
ID_33UC8V2 x m2,0.0
ID_33UC8V2 x m3,0.0
ID_33UC8V2 x m4,0.0
ID_33UC8V2 x m5,0.0
ID_33UC8V2 x m6,0.0
ID_Q66ZYMC x m1,0.0
ID_Q66ZYMC x m2,0.0
ID_Q66ZYMC x m3,0.0
ID_Q66ZYMC x m4,0.0
ID_Q66ZYMC x m5,0.0
ID_Q66ZYMC x m6,0.0
ID_AELOFQ6 x m1,0.0
ID_AELOFQ6 x m2,0.0
ID_AELOFQ6 x m3,0.0
ID_AELOFQ6 x m4,0.0
ID_AELOFQ6 x m5,0.0
ID_AELOFQ6 x m6,0.0
ID_F26XG4K x m1,0.0
ID_F26XG4K x m2,0.0
ID_F26XG4K x m3,0.0
ID_F26XG4K x m4,0.0
ID_F26XG4K x m5,0.0
ID_F26XG4K x m6,0.0
ID_9FU36C2 x m1,0.0
ID_9FU36C2 x m2,0.0
ID_9FU36C2 x m3,0.0
ID_9FU36C2 x m4,0.0
ID_9FU36C2 x m5,0.0
ID_9FU36C2 x m6,0.0
ID_I4V9XUN x m1,0.0
ID_I4V9XUN x m2,0.0
ID_I4V9XUN x m3,0.0
ID_I4V9XUN x m4,0.0
ID_I4V9XUN x m5,0.0
ID_I4V9XUN x m6,0.0
ID_1JDNX47 x m1,0.0
ID_1JDNX47 x m2,0.0
ID_1JDNX47 x m3,0.0
ID_1JDNX47 x m4,0.0
ID_1JDNX47 x m5,0.0
ID_1JDNX47 x m6,0.0
ID_5572IG3 x m1,0.0
ID_5572IG3 x m2,0.0
ID_5572IG3 x m3,0.0
ID_5572IG3 x m4,0.0
ID_5572IG3 x m5,0.0
ID_5572IG3 x m6,0.0
ID_YOCXASM x m1,0.0
ID_YOCXASM x m2,0.0
ID_YOCXASM x m3,0.0
ID_YOCXASM x m4,0.0
ID_YOCXASM x m5,0.0
ID_YOCXASM x m6,0.0
ID_YQ9WQUJ x m1,0.0
ID_YQ9WQUJ x m2,0.0
ID_YQ9WQUJ x m3,0.0
ID_YQ9WQUJ x m4,0.0
ID_YQ9WQUJ x m5,0.0
ID_YQ9WQUJ x m6,0.0
ID_TN8JK53 x m1,0.0
ID_TN8JK53 x m2,0.0
ID_TN8JK53 x m3,0.0
ID_TN8JK53 x m4,0.0
ID_TN8JK53 x m5,0.0
ID_TN8JK53 x m6,0.0
ID_4H44S6Q x m1,0.0
ID_4H44S6Q x m2,0.0
ID_4H44S6Q x m3,0.0
ID_4H44S6Q x m4,0.0
ID_4H44S6Q x m5,0.0
ID_4H44S6Q x m6,0.0
ID_WXC8DGU x m1,0.0
ID_WXC8DGU x m2,0.0
ID_WXC8DGU x m3,0.0
ID_WXC8DGU x m4,0.0
ID_WXC8DGU x m5,0.0
ID_WXC8DGU x m6,0.0
ID_6IO2LS7 x m1,0.0
ID_6IO2LS7 x m2,0.0
ID_6IO2LS7 x m3,0.0
ID_6IO2LS7 x m4,0.0
ID_6IO2LS7 x m5,0.0
ID_6IO2LS7 x m6,0.0
ID_Z5U4BCE x m1,0.0
ID_Z5U4BCE x m2,0.0
ID_Z5U4BCE x m3,0.0
ID_Z5U4BCE x m4,0.0
ID_Z5U4BCE x m5,0.0
ID_Z5U4BCE x m6,0.0
ID_NFGIHS1 x m1,0.0
ID_NFGIHS1 x m2,0.0
ID_NFGIHS1 x m3,0.0
ID_NFGIHS1 x m4,0.0
ID_NFGIHS1 x m5,0.0
ID_NFGIHS1 x m6,0.0
ID_TJYV7FU x m1,0.0
ID_TJYV7FU x m2,0.0
ID_TJYV7FU x m3,0.0
ID_TJYV7FU x m4,0.0
ID_TJYV7FU x m5,0.0
ID_TJYV7FU x m6,0.0
ID_TV0FPRW x m1,0.0
ID_TV0FPRW x m2,0.0
ID_TV0FPRW x m3,0.0
ID_TV0FPRW x m4,0.0
ID_TV0FPRW x m5,0.0
ID_TV0FPRW x m6,0.0
ID_J9SEW8E x m1,0.0
ID_J9SEW8E x m2,0.0
ID_J9SEW8E x m3,0.0
ID_J9SEW8E x m4,0.0
ID_J9SEW8E x m5,0.0
ID_J9SEW8E x m6,0.0
ID_7ZOMZ5P x m1,0.0
ID_7ZOMZ5P x m2,0.0
ID_7ZOMZ5P x m3,0.0
ID_7ZOMZ5P x m4,0.0
ID_7ZOMZ5P x m5,0.0
ID_7ZOMZ5P x m6,0.0
ID_KY0IPE8 x m1,0.0
ID_KY0IPE8 x m2,0.0
ID_KY0IPE8 x m3,0.0
ID_KY0IPE8 x m4,0.0
ID_KY0IPE8 x m5,0.0
ID_KY0IPE8 x m6,0.0
ID_5O5YO6O x m1,0.0
ID_5O5YO6O x m2,0.0
ID_5O5YO6O x m3,0.0
ID_5O5YO6O x m4,0.0
ID_5O5YO6O x m5,0.0
ID_5O5YO6O x m6,0.0
ID_KY0NVUP x m1,0.0
ID_KY0NVUP x m2,0.0
ID_KY0NVUP x m3,0.0
ID_KY0NVUP x m4,0.0
ID_KY0NVUP x m5,0.0
ID_KY0NVUP x m6,0.0
ID_CAJZVBG x m1,0.0
ID_CAJZVBG x m2,0.0
ID_CAJZVBG x m3,0.0
ID_CAJZVBG x m4,0.0
ID_CAJZVBG x m5,0.0
ID_CAJZVBG x m6,0.0
ID_1YJ3MUY x m1,0.0
ID_1YJ3MUY x m2,0.0
ID_1YJ3MUY x m3,0.0
ID_1YJ3MUY x m4,0.0
ID_1YJ3MUY x m5,0.0
ID_1YJ3MUY x m6,0.0
ID_5YS64EK x m1,0.0
ID_5YS64EK x m2,0.0
ID_5YS64EK x m3,0.0
ID_5YS64EK x m4,0.0
ID_5YS64EK x m5,0.0
ID_5YS64EK x m6,0.0
ID_47IS8QJ x m1,0.0
ID_47IS8QJ x m2,0.0
ID_47IS8QJ x m3,0.0
ID_47IS8QJ x m4,0.0
ID_47IS8QJ x m5,0.0
ID_47IS8QJ x m6,0.0
ID_XOHF2SH x m1,0.0
ID_XOHF2SH x m2,0.0
ID_XOHF2SH x m3,0.0
ID_XOHF2SH x m4,0.0
ID_XOHF2SH x m5,0.0
ID_XOHF2SH x m6,0.0
ID_EHN12GQ x m1,0.0
ID_EHN12GQ x m2,0.0
ID_EHN12GQ x m3,0.0
ID_EHN12GQ x m4,0.0
ID_EHN12GQ x m5,0.0
ID_EHN12GQ x m6,0.0
ID_USEOF5I x m1,0.0
ID_USEOF5I x m2,0.0
ID_USEOF5I x m3,0.0
ID_USEOF5I x m4,0.0
ID_USEOF5I x m5,0.0
ID_USEOF5I x m6,0.0
ID_21W9O5U x m1,0.0
ID_21W9O5U x m2,0.0
ID_21W9O5U x m3,0.0
ID_21W9O5U x m4,0.0
ID_21W9O5U x m5,0.0
ID_21W9O5U x m6,0.0
ID_TASSE3F x m1,0.0
ID_TASSE3F x m2,0.0
ID_TASSE3F x m3,0.0
ID_TASSE3F x m4,0.0
ID_TASSE3F x m5,0.0
ID_TASSE3F x m6,0.0
ID_MOTGXXG x m1,0.0
ID_MOTGXXG x m2,0.0
ID_MOTGXXG x m3,0.0
ID_MOTGXXG x m4,0.0
ID_MOTGXXG x m5,0.0
ID_MOTGXXG x m6,0.0
ID_KVDONUR x m1,0.0
ID_KVDONUR x m2,0.0
ID_KVDONUR x m3,0.0
ID_KVDONUR x m4,0.0
ID_KVDONUR x m5,0.0
ID_KVDONUR x m6,0.0
ID_FG9KNK5 x m1,0.0
ID_FG9KNK5 x m2,0.0
ID_FG9KNK5 x m3,0.0
ID_FG9KNK5 x m4,0.0
ID_FG9KNK5 x m5,0.0
ID_FG9KNK5 x m6,0.0
ID_S8MXDNY x m1,0.0
ID_S8MXDNY x m2,0.0
ID_S8MXDNY x m3,0.0
ID_S8MXDNY x m4,0.0
ID_S8MXDNY x m5,0.0
ID_S8MXDNY x m6,0.0
ID_G1SJJPE x m1,0.0
ID_G1SJJPE x m2,0.0
ID_G1SJJPE x m3,0.0
ID_G1SJJPE x m4,0.0
ID_G1SJJPE x m5,0.0
ID_G1SJJPE x m6,0.0
ID_NA45PDM x m1,0.0
ID_NA45PDM x m2,0.0
ID_NA45PDM x m3,0.0
ID_NA45PDM x m4,0.0
ID_NA45PDM x m5,0.0
ID_NA45PDM x m6,0.0
ID_5U3LF0W x m1,0.0
ID_5U3LF0W x m2,0.0
ID_5U3LF0W x m3,0.0
ID_5U3LF0W x m4,0.0
ID_5U3LF0W x m5,0.0
ID_5U3LF0W x m6,0.0
ID_12MUWXH x m1,0.0
ID_12MUWXH x m2,0.0
ID_12MUWXH x m3,0.0
ID_12MUWXH x m4,0.0
ID_12MUWXH x m5,0.0
ID_12MUWXH x m6,0.0
ID_OJUGO9K x m1,0.0
ID_OJUGO9K x m2,0.0
ID_OJUGO9K x m3,0.0
ID_OJUGO9K x m4,0.0
ID_OJUGO9K x m5,0.0
ID_OJUGO9K x m6,0.0
ID_GCN1EK6 x m1,0.0
ID_GCN1EK6 x m2,0.0
ID_GCN1EK6 x m3,0.0
ID_GCN1EK6 x m4,0.0
ID_GCN1EK6 x m5,0.0
ID_GCN1EK6 x m6,0.0
ID_W9BQLDG x m1,0.0
ID_W9BQLDG x m2,0.0
ID_W9BQLDG x m3,0.0
ID_W9BQLDG x m4,0.0
ID_W9BQLDG x m5,0.0
ID_W9BQLDG x m6,0.0
ID_A7J6OI3 x m1,0.0
ID_A7J6OI3 x m2,0.0
ID_A7J6OI3 x m3,0.0
ID_A7J6OI3 x m4,0.0
ID_A7J6OI3 x m5,0.0
ID_A7J6OI3 x m6,0.0
ID_X7Z83QM x m1,0.0
ID_X7Z83QM x m2,0.0
ID_X7Z83QM x m3,0.0
ID_X7Z83QM x m4,0.0
ID_X7Z83QM x m5,0.0
ID_X7Z83QM x m6,0.0
ID_Q1K4GDS x m1,0.0
ID_Q1K4GDS x m2,0.0
ID_Q1K4GDS x m3,0.0
ID_Q1K4GDS x m4,0.0
ID_Q1K4GDS x m5,0.0
ID_Q1K4GDS x m6,0.0
ID_SWQMLWL x m1,0.0
ID_SWQMLWL x m2,0.0
ID_SWQMLWL x m3,0.0
ID_SWQMLWL x m4,0.0
ID_SWQMLWL x m5,0.0
ID_SWQMLWL x m6,0.0
ID_WH4I6NV x m1,0.0
ID_WH4I6NV x m2,0.0
ID_WH4I6NV x m3,0.0
ID_WH4I6NV x m4,0.0
ID_WH4I6NV x m5,0.0
ID_WH4I6NV x m6,0.0
ID_WYUAYPA x m1,0.0
ID_WYUAYPA x m2,0.0
ID_WYUAYPA x m3,0.0
ID_WYUAYPA x m4,0.0
ID_WYUAYPA x m5,0.0
ID_WYUAYPA x m6,0.0
ID_7YV8O7Q x m1,0.0
ID_7YV8O7Q x m2,0.0
ID_7YV8O7Q x m3,0.0
ID_7YV8O7Q x m4,0.0
ID_7YV8O7Q x m5,0.0
ID_7YV8O7Q x m6,0.0
ID_EGXS2JG x m1,0.0
ID_EGXS2JG x m2,0.0
ID_EGXS2JG x m3,0.0
ID_EGXS2JG x m4,0.0
ID_EGXS2JG x m5,0.0
ID_EGXS2JG x m6,0.0
ID_UBB0GGF x m1,0.0
ID_UBB0GGF x m2,0.0
ID_UBB0GGF x m3,0.0
ID_UBB0GGF x m4,0.0
ID_UBB0GGF x m5,0.0
ID_UBB0GGF x m6,0.0
ID_LZQLFO3 x m1,0.0
ID_LZQLFO3 x m2,0.0
ID_LZQLFO3 x m3,0.0
ID_LZQLFO3 x m4,0.0
ID_LZQLFO3 x m5,0.0
ID_LZQLFO3 x m6,0.0
ID_LLQJDB7 x m1,0.0
ID_LLQJDB7 x m2,0.0
ID_LLQJDB7 x m3,0.0
ID_LLQJDB7 x m4,0.0
ID_LLQJDB7 x m5,0.0
ID_LLQJDB7 x m6,0.0
ID_IEV0ADH x m1,0.0
ID_IEV0ADH x m2,0.0
ID_IEV0ADH x m3,0.0
ID_IEV0ADH x m4,0.0
ID_IEV0ADH x m5,0.0
ID_IEV0ADH x m6,0.0
ID_CFHACHA x m1,0.0
ID_CFHACHA x m2,0.0
ID_CFHACHA x m3,0.0
ID_CFHACHA x m4,0.0
ID_CFHACHA x m5,0.0
ID_CFHACHA x m6,0.0
ID_U2TP2WQ x m1,0.0
ID_U2TP2WQ x m2,0.0
ID_U2TP2WQ x m3,0.0
ID_U2TP2WQ x m4,0.0
ID_U2TP2WQ x m5,0.0
ID_U2TP2WQ x m6,0.0
ID_TK9MZRB x m1,0.0
ID_TK9MZRB x m2,0.0
ID_TK9MZRB x m3,0.0
ID_TK9MZRB x m4,0.0
ID_TK9MZRB x m5,0.0
ID_TK9MZRB x m6,0.0
ID_X3FXN0X x m1,0.0
ID_X3FXN0X x m2,0.0
ID_X3FXN0X x m3,0.0
ID_X3FXN0X x m4,0.0
ID_X3FXN0X x m5,0.0
ID_X3FXN0X x m6,0.0
ID_88507TO x m1,0.0
ID_88507TO x m2,0.0
ID_88507TO x m3,0.0
ID_88507TO x m4,0.0
ID_88507TO x m5,0.0
ID_88507TO x m6,0.0
ID_GFWTE1K x m1,0.0
ID_GFWTE1K x m2,0.0
ID_GFWTE1K x m3,0.0
ID_GFWTE1K x m4,0.0
ID_GFWTE1K x m5,0.0
ID_GFWTE1K x m6,0.0
ID_V9DDKJW x m1,0.0
ID_V9DDKJW x m2,0.0
ID_V9DDKJW x m3,0.0
ID_V9DDKJW x m4,0.0
ID_V9DDKJW x m5,0.0
ID_V9DDKJW x m6,0.0
ID_L1IDU19 x m1,0.0
ID_L1IDU19 x m2,0.0
ID_L1IDU19 x m3,0.0
ID_L1IDU19 x m4,0.0
ID_L1IDU19 x m5,0.0
ID_L1IDU19 x m6,0.0
ID_3T4QD69 x m1,0.0
ID_3T4QD69 x m2,0.0
ID_3T4QD69 x m3,0.0
ID_3T4QD69 x m4,0.0
ID_3T4QD69 x m5,0.0
ID_3T4QD69 x m6,0.0
ID_U0DQP0C x m1,0.0
ID_U0DQP0C x m2,0.0
ID_U0DQP0C x m3,0.0
ID_U0DQP0C x m4,0.0
ID_U0DQP0C x m5,0.0
ID_U0DQP0C x m6,0.0
ID_OZDX2K5 x m1,0.0
ID_OZDX2K5 x m2,0.0
ID_OZDX2K5 x m3,0.0
ID_OZDX2K5 x m4,0.0
ID_OZDX2K5 x m5,0.0
ID_OZDX2K5 x m6,0.0
ID_XZGP4EL x m1,0.0
ID_XZGP4EL x m2,0.0
ID_XZGP4EL x m3,0.0
ID_XZGP4EL x m4,0.0
ID_XZGP4EL x m5,0.0
ID_XZGP4EL x m6,0.0
ID_UM9R60Z x m1,0.0
ID_UM9R60Z x m2,0.0
ID_UM9R60Z x m3,0.0
ID_UM9R60Z x m4,0.0
ID_UM9R60Z x m5,0.0
ID_UM9R60Z x m6,0.0
ID_KNPFT44 x m1,0.0
ID_KNPFT44 x m2,0.0
ID_KNPFT44 x m3,0.0
ID_KNPFT44 x m4,0.0
ID_KNPFT44 x m5,0.0
ID_KNPFT44 x m6,0.0
ID_USZH3AS x m1,0.0
ID_USZH3AS x m2,0.0
ID_USZH3AS x m3,0.0
ID_USZH3AS x m4,0.0
ID_USZH3AS x m5,0.0
ID_USZH3AS x m6,0.0
ID_ZZTDHNY x m1,0.0
ID_ZZTDHNY x m2,0.0
ID_ZZTDHNY x m3,0.0
ID_ZZTDHNY x m4,0.0
ID_ZZTDHNY x m5,0.0
ID_ZZTDHNY x m6,0.0
ID_YX85P8N x m1,0.0
ID_YX85P8N x m2,0.0
ID_YX85P8N x m3,0.0
ID_YX85P8N x m4,0.0
ID_YX85P8N x m5,0.0
ID_YX85P8N x m6,0.0
ID_NJ6BTMV x m1,0.0
ID_NJ6BTMV x m2,0.0
ID_NJ6BTMV x m3,0.0
ID_NJ6BTMV x m4,0.0
ID_NJ6BTMV x m5,0.0
ID_NJ6BTMV x m6,0.0
ID_CC9158Z x m1,0.0
ID_CC9158Z x m2,0.0
ID_CC9158Z x m3,0.0
ID_CC9158Z x m4,0.0
ID_CC9158Z x m5,0.0
ID_CC9158Z x m6,0.0
ID_VIOL6E0 x m1,0.0
ID_VIOL6E0 x m2,0.0
ID_VIOL6E0 x m3,0.0
ID_VIOL6E0 x m4,0.0
ID_VIOL6E0 x m5,0.0
ID_VIOL6E0 x m6,0.0
ID_H85EICD x m1,0.0
ID_H85EICD x m2,0.0
ID_H85EICD x m3,0.0
ID_H85EICD x m4,0.0
ID_H85EICD x m5,0.0
ID_H85EICD x m6,0.0
ID_18B2MZX x m1,0.0
ID_18B2MZX x m2,0.0
ID_18B2MZX x m3,0.0
ID_18B2MZX x m4,0.0
ID_18B2MZX x m5,0.0
ID_18B2MZX x m6,0.0
ID_4X6MCVB x m1,0.0
ID_4X6MCVB x m2,0.0
ID_4X6MCVB x m3,0.0
ID_4X6MCVB x m4,0.0
ID_4X6MCVB x m5,0.0
ID_4X6MCVB x m6,0.0
ID_1EZKZ0E x m1,0.0
ID_1EZKZ0E x m2,0.0
ID_1EZKZ0E x m3,0.0
ID_1EZKZ0E x m4,0.0
ID_1EZKZ0E x m5,0.0
ID_1EZKZ0E x m6,0.0
ID_WI47ZWT x m1,0.0
ID_WI47ZWT x m2,0.0
ID_WI47ZWT x m3,0.0
ID_WI47ZWT x m4,0.0
ID_WI47ZWT x m5,0.0
ID_WI47ZWT x m6,0.0
ID_DKRCET4 x m1,0.0
ID_DKRCET4 x m2,0.0
ID_DKRCET4 x m3,0.0
ID_DKRCET4 x m4,0.0
ID_DKRCET4 x m5,0.0
ID_DKRCET4 x m6,0.0
ID_RES5CGY x m1,0.0
ID_RES5CGY x m2,0.0
ID_RES5CGY x m3,0.0
ID_RES5CGY x m4,0.0
ID_RES5CGY x m5,0.0
ID_RES5CGY x m6,0.0
ID_KOQV9E0 x m1,0.0
ID_KOQV9E0 x m2,0.0
ID_KOQV9E0 x m3,0.0
ID_KOQV9E0 x m4,0.0
ID_KOQV9E0 x m5,0.0
ID_KOQV9E0 x m6,0.0
ID_CYB5F29 x m1,0.0
ID_CYB5F29 x m2,0.0
ID_CYB5F29 x m3,0.0
ID_CYB5F29 x m4,0.0
ID_CYB5F29 x m5,0.0
ID_CYB5F29 x m6,0.0
ID_HVG3O2B x m1,0.0
ID_HVG3O2B x m2,0.0
ID_HVG3O2B x m3,0.0
ID_HVG3O2B x m4,0.0
ID_HVG3O2B x m5,0.0
ID_HVG3O2B x m6,0.0
ID_ZNRJ7VX x m1,0.0
ID_ZNRJ7VX x m2,0.0
ID_ZNRJ7VX x m3,0.0
ID_ZNRJ7VX x m4,0.0
ID_ZNRJ7VX x m5,0.0
ID_ZNRJ7VX x m6,0.0
ID_YN2UDS8 x m1,0.0
ID_YN2UDS8 x m2,0.0
ID_YN2UDS8 x m3,0.0
ID_YN2UDS8 x m4,0.0
ID_YN2UDS8 x m5,0.0
ID_YN2UDS8 x m6,0.0
ID_Y8M6A0T x m1,0.0
ID_Y8M6A0T x m2,0.0
ID_Y8M6A0T x m3,0.0
ID_Y8M6A0T x m4,0.0
ID_Y8M6A0T x m5,0.0
ID_Y8M6A0T x m6,0.0
ID_XBZ4JJF x m1,0.0
ID_XBZ4JJF x m2,0.0
ID_XBZ4JJF x m3,0.0
ID_XBZ4JJF x m4,0.0
ID_XBZ4JJF x m5,0.0
ID_XBZ4JJF x m6,0.0
ID_U56YM94 x m1,0.0
ID_U56YM94 x m2,0.0
ID_U56YM94 x m3,0.0
ID_U56YM94 x m4,0.0
ID_U56YM94 x m5,0.0
ID_U56YM94 x m6,0.0
ID_3WWA0C5 x m1,0.0
ID_3WWA0C5 x m2,0.0
ID_3WWA0C5 x m3,0.0
ID_3WWA0C5 x m4,0.0
ID_3WWA0C5 x m5,0.0
ID_3WWA0C5 x m6,0.0
ID_60OQUWK x m1,0.0
ID_60OQUWK x m2,0.0
ID_60OQUWK x m3,0.0
ID_60OQUWK x m4,0.0
ID_60OQUWK x m5,0.0
ID_60OQUWK x m6,0.0
ID_SV0ZOO2 x m1,0.0
ID_SV0ZOO2 x m2,0.0
ID_SV0ZOO2 x m3,0.0
ID_SV0ZOO2 x m4,0.0
ID_SV0ZOO2 x m5,0.0
ID_SV0ZOO2 x m6,0.0
ID_VP34K8D x m1,0.0
ID_VP34K8D x m2,0.0
ID_VP34K8D x m3,0.0
ID_VP34K8D x m4,0.0
ID_VP34K8D x m5,0.0
ID_VP34K8D x m6,0.0
ID_VIALXXQ x m1,0.0
ID_VIALXXQ x m2,0.0
ID_VIALXXQ x m3,0.0
ID_VIALXXQ x m4,0.0
ID_VIALXXQ x m5,0.0
ID_VIALXXQ x m6,0.0
ID_FCMUTYC x m1,0.0
ID_FCMUTYC x m2,0.0
ID_FCMUTYC x m3,0.0
ID_FCMUTYC x m4,0.0
ID_FCMUTYC x m5,0.0
ID_FCMUTYC x m6,0.0
ID_WPEUBBO x m1,0.0
ID_WPEUBBO x m2,0.0
ID_WPEUBBO x m3,0.0
ID_WPEUBBO x m4,0.0
ID_WPEUBBO x m5,0.0
ID_WPEUBBO x m6,0.0
ID_753I23I x m1,0.0
ID_753I23I x m2,0.0
ID_753I23I x m3,0.0
ID_753I23I x m4,0.0
ID_753I23I x m5,0.0
ID_753I23I x m6,0.0
ID_0GBC6HC x m1,0.0
ID_0GBC6HC x m2,0.0
ID_0GBC6HC x m3,0.0
ID_0GBC6HC x m4,0.0
ID_0GBC6HC x m5,0.0
ID_0GBC6HC x m6,0.0
ID_RU525TJ x m1,0.0
ID_RU525TJ x m2,0.0
ID_RU525TJ x m3,0.0
ID_RU525TJ x m4,0.0
ID_RU525TJ x m5,0.0
ID_RU525TJ x m6,0.0
ID_NLW1QIC x m1,0.0
ID_NLW1QIC x m2,0.0
ID_NLW1QIC x m3,0.0
ID_NLW1QIC x m4,0.0
ID_NLW1QIC x m5,0.0
ID_NLW1QIC x m6,0.0
ID_NHI7YLU x m1,0.0
ID_NHI7YLU x m2,0.0
ID_NHI7YLU x m3,0.0
ID_NHI7YLU x m4,0.0
ID_NHI7YLU x m5,0.0
ID_NHI7YLU x m6,0.0
ID_VZK5PME x m1,0.0
ID_VZK5PME x m2,0.0
ID_VZK5PME x m3,0.0
ID_VZK5PME x m4,0.0
ID_VZK5PME x m5,0.0
ID_VZK5PME x m6,0.0
ID_4OZOATP x m1,0.0
ID_4OZOATP x m2,0.0
ID_4OZOATP x m3,0.0
ID_4OZOATP x m4,0.0
ID_4OZOATP x m5,0.0
ID_4OZOATP x m6,0.0
ID_MOP0XED x m1,0.0
ID_MOP0XED x m2,0.0
ID_MOP0XED x m3,0.0
ID_MOP0XED x m4,0.0
ID_MOP0XED x m5,0.0
ID_MOP0XED x m6,0.0
ID_IBTCHIF x m1,0.0
ID_IBTCHIF x m2,0.0
ID_IBTCHIF x m3,0.0
ID_IBTCHIF x m4,0.0
ID_IBTCHIF x m5,0.0
ID_IBTCHIF x m6,0.0
ID_PS1KE54 x m1,0.0
ID_PS1KE54 x m2,0.0
ID_PS1KE54 x m3,0.0
ID_PS1KE54 x m4,0.0
ID_PS1KE54 x m5,0.0
ID_PS1KE54 x m6,0.0
ID_BSIEDIU x m1,0.0
ID_BSIEDIU x m2,0.0
ID_BSIEDIU x m3,0.0
ID_BSIEDIU x m4,0.0
ID_BSIEDIU x m5,0.0
ID_BSIEDIU x m6,0.0
ID_TV82ZKP x m1,0.0
ID_TV82ZKP x m2,0.0
ID_TV82ZKP x m3,0.0
ID_TV82ZKP x m4,0.0
ID_TV82ZKP x m5,0.0
ID_TV82ZKP x m6,0.0
ID_XO2VIII x m1,0.0
ID_XO2VIII x m2,0.0
ID_XO2VIII x m3,0.0
ID_XO2VIII x m4,0.0
ID_XO2VIII x m5,0.0
ID_XO2VIII x m6,0.0
ID_K3TOLHW x m1,0.0
ID_K3TOLHW x m2,0.0
ID_K3TOLHW x m3,0.0
ID_K3TOLHW x m4,0.0
ID_K3TOLHW x m5,0.0
ID_K3TOLHW x m6,0.0
ID_PQGXAGK x m1,0.0
ID_PQGXAGK x m2,0.0
ID_PQGXAGK x m3,0.0
ID_PQGXAGK x m4,0.0
ID_PQGXAGK x m5,0.0
ID_PQGXAGK x m6,0.0
ID_O1CUX6V x m1,0.0
ID_O1CUX6V x m2,0.0
ID_O1CUX6V x m3,0.0
ID_O1CUX6V x m4,0.0
ID_O1CUX6V x m5,0.0
ID_O1CUX6V x m6,0.0
ID_WNCR9QZ x m1,0.0
ID_WNCR9QZ x m2,0.0
ID_WNCR9QZ x m3,0.0
ID_WNCR9QZ x m4,0.0
ID_WNCR9QZ x m5,0.0
ID_WNCR9QZ x m6,0.0
ID_D7PX75A x m1,0.0
ID_D7PX75A x m2,0.0
ID_D7PX75A x m3,0.0
ID_D7PX75A x m4,0.0
ID_D7PX75A x m5,0.0
ID_D7PX75A x m6,0.0
ID_B3GO94H x m1,0.0
ID_B3GO94H x m2,0.0
ID_B3GO94H x m3,0.0
ID_B3GO94H x m4,0.0
ID_B3GO94H x m5,0.0
ID_B3GO94H x m6,0.0
ID_YFI0RDY x m1,0.0
ID_YFI0RDY x m2,0.0
ID_YFI0RDY x m3,0.0
ID_YFI0RDY x m4,0.0
ID_YFI0RDY x m5,0.0
ID_YFI0RDY x m6,0.0
ID_X813C6K x m1,0.0
ID_X813C6K x m2,0.0
ID_X813C6K x m3,0.0
ID_X813C6K x m4,0.0
ID_X813C6K x m5,0.0
ID_X813C6K x m6,0.0
ID_KNPBXQM x m1,0.0
ID_KNPBXQM x m2,0.0
ID_KNPBXQM x m3,0.0
ID_KNPBXQM x m4,0.0
ID_KNPBXQM x m5,0.0
ID_KNPBXQM x m6,0.0
ID_E1JGX9O x m1,0.0
ID_E1JGX9O x m2,0.0
ID_E1JGX9O x m3,0.0
ID_E1JGX9O x m4,0.0
ID_E1JGX9O x m5,0.0
ID_E1JGX9O x m6,0.0
ID_QZVIW12 x m1,0.0
ID_QZVIW12 x m2,0.0
ID_QZVIW12 x m3,0.0
ID_QZVIW12 x m4,0.0
ID_QZVIW12 x m5,0.0
ID_QZVIW12 x m6,0.0
ID_7TMIPG6 x m1,0.0
ID_7TMIPG6 x m2,0.0
ID_7TMIPG6 x m3,0.0
ID_7TMIPG6 x m4,0.0
ID_7TMIPG6 x m5,0.0
ID_7TMIPG6 x m6,0.0
ID_972AK6U x m1,0.0
ID_972AK6U x m2,0.0
ID_972AK6U x m3,0.0
ID_972AK6U x m4,0.0
ID_972AK6U x m5,0.0
ID_972AK6U x m6,0.0
ID_9ESZB5C x m1,0.0
ID_9ESZB5C x m2,0.0
ID_9ESZB5C x m3,0.0
ID_9ESZB5C x m4,0.0
ID_9ESZB5C x m5,0.0
ID_9ESZB5C x m6,0.0
ID_81WN68Q x m1,0.0
ID_81WN68Q x m2,0.0
ID_81WN68Q x m3,0.0
ID_81WN68Q x m4,0.0
ID_81WN68Q x m5,0.0
ID_81WN68Q x m6,0.0
ID_AMDHR0W x m1,0.0
ID_AMDHR0W x m2,0.0
ID_AMDHR0W x m3,0.0
ID_AMDHR0W x m4,0.0
ID_AMDHR0W x m5,0.0
ID_AMDHR0W x m6,0.0
ID_N1ZM6GH x m1,0.0
ID_N1ZM6GH x m2,0.0
ID_N1ZM6GH x m3,0.0
ID_N1ZM6GH x m4,0.0
ID_N1ZM6GH x m5,0.0
ID_N1ZM6GH x m6,0.0
ID_RRNJMT8 x m1,0.0
ID_RRNJMT8 x m2,0.0
ID_RRNJMT8 x m3,0.0
ID_RRNJMT8 x m4,0.0
ID_RRNJMT8 x m5,0.0
ID_RRNJMT8 x m6,0.0
ID_1VWP9O5 x m1,0.0
ID_1VWP9O5 x m2,0.0
ID_1VWP9O5 x m3,0.0
ID_1VWP9O5 x m4,0.0
ID_1VWP9O5 x m5,0.0
ID_1VWP9O5 x m6,0.0
ID_O641M9X x m1,0.0
ID_O641M9X x m2,0.0
ID_O641M9X x m3,0.0
ID_O641M9X x m4,0.0
ID_O641M9X x m5,0.0
ID_O641M9X x m6,0.0
ID_YKPNOJ7 x m1,0.0
ID_YKPNOJ7 x m2,0.0
ID_YKPNOJ7 x m3,0.0
ID_YKPNOJ7 x m4,0.0
ID_YKPNOJ7 x m5,0.0
ID_YKPNOJ7 x m6,0.0
ID_BG88ONZ x m1,0.0
ID_BG88ONZ x m2,0.0
ID_BG88ONZ x m3,0.0
ID_BG88ONZ x m4,0.0
ID_BG88ONZ x m5,0.0
ID_BG88ONZ x m6,0.0
ID_USWH1HT x m1,0.0
ID_USWH1HT x m2,0.0
ID_USWH1HT x m3,0.0
ID_USWH1HT x m4,0.0
ID_USWH1HT x m5,0.0
ID_USWH1HT x m6,0.0
ID_54JUIKA x m1,0.0
ID_54JUIKA x m2,0.0
ID_54JUIKA x m3,0.0
ID_54JUIKA x m4,0.0
ID_54JUIKA x m5,0.0
ID_54JUIKA x m6,0.0
ID_BW7N7HA x m1,0.0
ID_BW7N7HA x m2,0.0
ID_BW7N7HA x m3,0.0
ID_BW7N7HA x m4,0.0
ID_BW7N7HA x m5,0.0
ID_BW7N7HA x m6,0.0
ID_2U8IB7U x m1,0.0
ID_2U8IB7U x m2,0.0
ID_2U8IB7U x m3,0.0
ID_2U8IB7U x m4,0.0
ID_2U8IB7U x m5,0.0
ID_2U8IB7U x m6,0.0
ID_7SA44TF x m1,0.0
ID_7SA44TF x m2,0.0
ID_7SA44TF x m3,0.0
ID_7SA44TF x m4,0.0
ID_7SA44TF x m5,0.0
ID_7SA44TF x m6,0.0
ID_0ES1OXS x m1,0.0
ID_0ES1OXS x m2,0.0
ID_0ES1OXS x m3,0.0
ID_0ES1OXS x m4,0.0
ID_0ES1OXS x m5,0.0
ID_0ES1OXS x m6,0.0
ID_VR3UPHZ x m1,0.0
ID_VR3UPHZ x m2,0.0
ID_VR3UPHZ x m3,0.0
ID_VR3UPHZ x m4,0.0
ID_VR3UPHZ x m5,0.0
ID_VR3UPHZ x m6,0.0
ID_OVBV0TT x m1,0.0
ID_OVBV0TT x m2,0.0
ID_OVBV0TT x m3,0.0
ID_OVBV0TT x m4,0.0
ID_OVBV0TT x m5,0.0
ID_OVBV0TT x m6,0.0
ID_0UJ8BHS x m1,0.0
ID_0UJ8BHS x m2,0.0
ID_0UJ8BHS x m3,0.0
ID_0UJ8BHS x m4,0.0
ID_0UJ8BHS x m5,0.0
ID_0UJ8BHS x m6,0.0
ID_9Y36C2A x m1,0.0
ID_9Y36C2A x m2,0.0
ID_9Y36C2A x m3,0.0
ID_9Y36C2A x m4,0.0
ID_9Y36C2A x m5,0.0
ID_9Y36C2A x m6,0.0
ID_LH3FCU3 x m1,0.0
ID_LH3FCU3 x m2,0.0
ID_LH3FCU3 x m3,0.0
ID_LH3FCU3 x m4,0.0
ID_LH3FCU3 x m5,0.0
ID_LH3FCU3 x m6,0.0
ID_OCLUIZC x m1,0.0
ID_OCLUIZC x m2,0.0
ID_OCLUIZC x m3,0.0
ID_OCLUIZC x m4,0.0
ID_OCLUIZC x m5,0.0
ID_OCLUIZC x m6,0.0
ID_8JPYFHG x m1,0.0
ID_8JPYFHG x m2,0.0
ID_8JPYFHG x m3,0.0
ID_8JPYFHG x m4,0.0
ID_8JPYFHG x m5,0.0
ID_8JPYFHG x m6,0.0
ID_6C1OCBI x m1,0.0
ID_6C1OCBI x m2,0.0
ID_6C1OCBI x m3,0.0
ID_6C1OCBI x m4,0.0
ID_6C1OCBI x m5,0.0
ID_6C1OCBI x m6,0.0
ID_1XS34FG x m1,0.0
ID_1XS34FG x m2,0.0
ID_1XS34FG x m3,0.0
ID_1XS34FG x m4,0.0
ID_1XS34FG x m5,0.0
ID_1XS34FG x m6,0.0
ID_CNTHQN3 x m1,0.0
ID_CNTHQN3 x m2,0.0
ID_CNTHQN3 x m3,0.0
ID_CNTHQN3 x m4,0.0
ID_CNTHQN3 x m5,0.0
ID_CNTHQN3 x m6,0.0
ID_07DMOF8 x m1,0.0
ID_07DMOF8 x m2,0.0
ID_07DMOF8 x m3,0.0
ID_07DMOF8 x m4,0.0
ID_07DMOF8 x m5,0.0
ID_07DMOF8 x m6,0.0
ID_W8IAKUQ x m1,0.0
ID_W8IAKUQ x m2,0.0
ID_W8IAKUQ x m3,0.0
ID_W8IAKUQ x m4,0.0
ID_W8IAKUQ x m5,0.0
ID_W8IAKUQ x m6,0.0
ID_A4SWKVX x m1,0.0
ID_A4SWKVX x m2,0.0
ID_A4SWKVX x m3,0.0
ID_A4SWKVX x m4,0.0
ID_A4SWKVX x m5,0.0
ID_A4SWKVX x m6,0.0
ID_1NGIQDN x m1,0.0
ID_1NGIQDN x m2,0.0
ID_1NGIQDN x m3,0.0
ID_1NGIQDN x m4,0.0
ID_1NGIQDN x m5,0.0
ID_1NGIQDN x m6,0.0
ID_KP02JC5 x m1,0.0
ID_KP02JC5 x m2,0.0
ID_KP02JC5 x m3,0.0
ID_KP02JC5 x m4,0.0
ID_KP02JC5 x m5,0.0
ID_KP02JC5 x m6,0.0
ID_5EV5C2T x m1,0.0
ID_5EV5C2T x m2,0.0
ID_5EV5C2T x m3,0.0
ID_5EV5C2T x m4,0.0
ID_5EV5C2T x m5,0.0
ID_5EV5C2T x m6,0.0
ID_XUP842Q x m1,0.0
ID_XUP842Q x m2,0.0
ID_XUP842Q x m3,0.0
ID_XUP842Q x m4,0.0
ID_XUP842Q x m5,0.0
ID_XUP842Q x m6,0.0
ID_7YJO3TC x m1,0.0
ID_7YJO3TC x m2,0.0
ID_7YJO3TC x m3,0.0
ID_7YJO3TC x m4,0.0
ID_7YJO3TC x m5,0.0
ID_7YJO3TC x m6,0.0
ID_7XVGYQQ x m1,0.0
ID_7XVGYQQ x m2,0.0
ID_7XVGYQQ x m3,0.0
ID_7XVGYQQ x m4,0.0
ID_7XVGYQQ x m5,0.0
ID_7XVGYQQ x m6,0.0
ID_V23563Q x m1,0.0
ID_V23563Q x m2,0.0
ID_V23563Q x m3,0.0
ID_V23563Q x m4,0.0
ID_V23563Q x m5,0.0
ID_V23563Q x m6,0.0
ID_VMKI4NE x m1,0.0
ID_VMKI4NE x m2,0.0
ID_VMKI4NE x m3,0.0
ID_VMKI4NE x m4,0.0
ID_VMKI4NE x m5,0.0
ID_VMKI4NE x m6,0.0
ID_D4KWQCM x m1,0.0
ID_D4KWQCM x m2,0.0
ID_D4KWQCM x m3,0.0
ID_D4KWQCM x m4,0.0
ID_D4KWQCM x m5,0.0
ID_D4KWQCM x m6,0.0
ID_PKLWJQB x m1,0.0
ID_PKLWJQB x m2,0.0
ID_PKLWJQB x m3,0.0
ID_PKLWJQB x m4,0.0
ID_PKLWJQB x m5,0.0
ID_PKLWJQB x m6,0.0
ID_UNP1MC7 x m1,0.0
ID_UNP1MC7 x m2,0.0
ID_UNP1MC7 x m3,0.0
ID_UNP1MC7 x m4,0.0
ID_UNP1MC7 x m5,0.0
ID_UNP1MC7 x m6,0.0
ID_M3VQQ09 x m1,0.0
ID_M3VQQ09 x m2,0.0
ID_M3VQQ09 x m3,0.0
ID_M3VQQ09 x m4,0.0
ID_M3VQQ09 x m5,0.0
ID_M3VQQ09 x m6,0.0
ID_0X5NE30 x m1,0.0
ID_0X5NE30 x m2,0.0
ID_0X5NE30 x m3,0.0
ID_0X5NE30 x m4,0.0
ID_0X5NE30 x m5,0.0
ID_0X5NE30 x m6,0.0
ID_DCW7752 x m1,0.0
ID_DCW7752 x m2,0.0
ID_DCW7752 x m3,0.0
ID_DCW7752 x m4,0.0
ID_DCW7752 x m5,0.0
ID_DCW7752 x m6,0.0
ID_MZO3YZK x m1,0.0
ID_MZO3YZK x m2,0.0
ID_MZO3YZK x m3,0.0
ID_MZO3YZK x m4,0.0
ID_MZO3YZK x m5,0.0
ID_MZO3YZK x m6,0.0
ID_32JQW1J x m1,0.0
ID_32JQW1J x m2,0.0
ID_32JQW1J x m3,0.0
ID_32JQW1J x m4,0.0
ID_32JQW1J x m5,0.0
ID_32JQW1J x m6,0.0
ID_UK9GE9D x m1,0.0
ID_UK9GE9D x m2,0.0
ID_UK9GE9D x m3,0.0
ID_UK9GE9D x m4,0.0
ID_UK9GE9D x m5,0.0
ID_UK9GE9D x m6,0.0
ID_DW2ZIQ5 x m1,0.0
ID_DW2ZIQ5 x m2,0.0
ID_DW2ZIQ5 x m3,0.0
ID_DW2ZIQ5 x m4,0.0
ID_DW2ZIQ5 x m5,0.0
ID_DW2ZIQ5 x m6,0.0
ID_AWE4U0H x m1,0.0
ID_AWE4U0H x m2,0.0
ID_AWE4U0H x m3,0.0
ID_AWE4U0H x m4,0.0
ID_AWE4U0H x m5,0.0
ID_AWE4U0H x m6,0.0
ID_A2K42AY x m1,0.0
ID_A2K42AY x m2,0.0
ID_A2K42AY x m3,0.0
ID_A2K42AY x m4,0.0
ID_A2K42AY x m5,0.0
ID_A2K42AY x m6,0.0
ID_LB2HHUD x m1,0.0
ID_LB2HHUD x m2,0.0
ID_LB2HHUD x m3,0.0
ID_LB2HHUD x m4,0.0
ID_LB2HHUD x m5,0.0
ID_LB2HHUD x m6,0.0
ID_1Q6NDCH x m1,0.0
ID_1Q6NDCH x m2,0.0
ID_1Q6NDCH x m3,0.0
ID_1Q6NDCH x m4,0.0
ID_1Q6NDCH x m5,0.0
ID_1Q6NDCH x m6,0.0
ID_ZJH2XHV x m1,0.0
ID_ZJH2XHV x m2,0.0
ID_ZJH2XHV x m3,0.0
ID_ZJH2XHV x m4,0.0
ID_ZJH2XHV x m5,0.0
ID_ZJH2XHV x m6,0.0
ID_SGDSC62 x m1,0.0
ID_SGDSC62 x m2,0.0
ID_SGDSC62 x m3,0.0
ID_SGDSC62 x m4,0.0
ID_SGDSC62 x m5,0.0
ID_SGDSC62 x m6,0.0
ID_X9D8ZZ3 x m1,0.0
ID_X9D8ZZ3 x m2,0.0
ID_X9D8ZZ3 x m3,0.0
ID_X9D8ZZ3 x m4,0.0
ID_X9D8ZZ3 x m5,0.0
ID_X9D8ZZ3 x m6,0.0
ID_HRQCP2Z x m1,0.0
ID_HRQCP2Z x m2,0.0
ID_HRQCP2Z x m3,0.0
ID_HRQCP2Z x m4,0.0
ID_HRQCP2Z x m5,0.0
ID_HRQCP2Z x m6,0.0
ID_YRFP2UD x m1,0.0
ID_YRFP2UD x m2,0.0
ID_YRFP2UD x m3,0.0
ID_YRFP2UD x m4,0.0
ID_YRFP2UD x m5,0.0
ID_YRFP2UD x m6,0.0
ID_XMHWKZR x m1,0.0
ID_XMHWKZR x m2,0.0
ID_XMHWKZR x m3,0.0
ID_XMHWKZR x m4,0.0
ID_XMHWKZR x m5,0.0
ID_XMHWKZR x m6,0.0
ID_UKE6MG6 x m1,0.0
ID_UKE6MG6 x m2,0.0
ID_UKE6MG6 x m3,0.0
ID_UKE6MG6 x m4,0.0
ID_UKE6MG6 x m5,0.0
ID_UKE6MG6 x m6,0.0
ID_HM9V8AD x m1,0.0
ID_HM9V8AD x m2,0.0
ID_HM9V8AD x m3,0.0
ID_HM9V8AD x m4,0.0
ID_HM9V8AD x m5,0.0
ID_HM9V8AD x m6,0.0
ID_DWMSUN2 x m1,0.0
ID_DWMSUN2 x m2,0.0
ID_DWMSUN2 x m3,0.0
ID_DWMSUN2 x m4,0.0
ID_DWMSUN2 x m5,0.0
ID_DWMSUN2 x m6,0.0
ID_RJBRHYU x m1,0.0
ID_RJBRHYU x m2,0.0
ID_RJBRHYU x m3,0.0
ID_RJBRHYU x m4,0.0
ID_RJBRHYU x m5,0.0
ID_RJBRHYU x m6,0.0
ID_P3EA43E x m1,0.0
ID_P3EA43E x m2,0.0
ID_P3EA43E x m3,0.0
ID_P3EA43E x m4,0.0
ID_P3EA43E x m5,0.0
ID_P3EA43E x m6,0.0
ID_SFQ1WOL x m1,0.0
ID_SFQ1WOL x m2,0.0
ID_SFQ1WOL x m3,0.0
ID_SFQ1WOL x m4,0.0
ID_SFQ1WOL x m5,0.0
ID_SFQ1WOL x m6,0.0
ID_IB3FK92 x m1,0.0
ID_IB3FK92 x m2,0.0
ID_IB3FK92 x m3,0.0
ID_IB3FK92 x m4,0.0
ID_IB3FK92 x m5,0.0
ID_IB3FK92 x m6,0.0
ID_2H3OTA1 x m1,0.0
ID_2H3OTA1 x m2,0.0
ID_2H3OTA1 x m3,0.0
ID_2H3OTA1 x m4,0.0
ID_2H3OTA1 x m5,0.0
ID_2H3OTA1 x m6,0.0
ID_483RYF6 x m1,0.0
ID_483RYF6 x m2,0.0
ID_483RYF6 x m3,0.0
ID_483RYF6 x m4,0.0
ID_483RYF6 x m5,0.0
ID_483RYF6 x m6,0.0
ID_C4AJX96 x m1,0.0
ID_C4AJX96 x m2,0.0
ID_C4AJX96 x m3,0.0
ID_C4AJX96 x m4,0.0
ID_C4AJX96 x m5,0.0
ID_C4AJX96 x m6,0.0
ID_XNPRZ18 x m1,0.0
ID_XNPRZ18 x m2,0.0
ID_XNPRZ18 x m3,0.0
ID_XNPRZ18 x m4,0.0
ID_XNPRZ18 x m5,0.0
ID_XNPRZ18 x m6,0.0
ID_3BXZJ63 x m1,0.0
ID_3BXZJ63 x m2,0.0
ID_3BXZJ63 x m3,0.0
ID_3BXZJ63 x m4,0.0
ID_3BXZJ63 x m5,0.0
ID_3BXZJ63 x m6,0.0
ID_TTH3LOS x m1,0.0
ID_TTH3LOS x m2,0.0
ID_TTH3LOS x m3,0.0
ID_TTH3LOS x m4,0.0
ID_TTH3LOS x m5,0.0
ID_TTH3LOS x m6,0.0
ID_T9KEI9D x m1,0.0
ID_T9KEI9D x m2,0.0
ID_T9KEI9D x m3,0.0
ID_T9KEI9D x m4,0.0
ID_T9KEI9D x m5,0.0
ID_T9KEI9D x m6,0.0
ID_39QN5Q0 x m1,0.0
ID_39QN5Q0 x m2,0.0
ID_39QN5Q0 x m3,0.0
ID_39QN5Q0 x m4,0.0
ID_39QN5Q0 x m5,0.0
ID_39QN5Q0 x m6,0.0
ID_VR6L5M8 x m1,0.0
ID_VR6L5M8 x m2,0.0
ID_VR6L5M8 x m3,0.0
ID_VR6L5M8 x m4,0.0
ID_VR6L5M8 x m5,0.0
ID_VR6L5M8 x m6,0.0
ID_BM3LSQM x m1,0.0
ID_BM3LSQM x m2,0.0
ID_BM3LSQM x m3,0.0
ID_BM3LSQM x m4,0.0
ID_BM3LSQM x m5,0.0
ID_BM3LSQM x m6,0.0
ID_HJCMY08 x m1,0.0
ID_HJCMY08 x m2,0.0
ID_HJCMY08 x m3,0.0
ID_HJCMY08 x m4,0.0
ID_HJCMY08 x m5,0.0
ID_HJCMY08 x m6,0.0
ID_5R357OL x m1,0.0
ID_5R357OL x m2,0.0
ID_5R357OL x m3,0.0
ID_5R357OL x m4,0.0
ID_5R357OL x m5,0.0
ID_5R357OL x m6,0.0
ID_5Z08MXU x m1,0.0
ID_5Z08MXU x m2,0.0
ID_5Z08MXU x m3,0.0
ID_5Z08MXU x m4,0.0
ID_5Z08MXU x m5,0.0
ID_5Z08MXU x m6,0.0
ID_V0VWBUV x m1,0.0
ID_V0VWBUV x m2,0.0
ID_V0VWBUV x m3,0.0
ID_V0VWBUV x m4,0.0
ID_V0VWBUV x m5,0.0
ID_V0VWBUV x m6,0.0
ID_Q1N3WL4 x m1,0.0
ID_Q1N3WL4 x m2,0.0
ID_Q1N3WL4 x m3,0.0
ID_Q1N3WL4 x m4,0.0
ID_Q1N3WL4 x m5,0.0
ID_Q1N3WL4 x m6,0.0
ID_7P7W9IV x m1,0.0
ID_7P7W9IV x m2,0.0
ID_7P7W9IV x m3,0.0
ID_7P7W9IV x m4,0.0
ID_7P7W9IV x m5,0.0
ID_7P7W9IV x m6,0.0
ID_SHVTH38 x m1,0.0
ID_SHVTH38 x m2,0.0
ID_SHVTH38 x m3,0.0
ID_SHVTH38 x m4,0.0
ID_SHVTH38 x m5,0.0
ID_SHVTH38 x m6,0.0
ID_YBY0SMU x m1,0.0
ID_YBY0SMU x m2,0.0
ID_YBY0SMU x m3,0.0
ID_YBY0SMU x m4,0.0
ID_YBY0SMU x m5,0.0
ID_YBY0SMU x m6,0.0
ID_OGSLEMN x m1,0.0
ID_OGSLEMN x m2,0.0
ID_OGSLEMN x m3,0.0
ID_OGSLEMN x m4,0.0
ID_OGSLEMN x m5,0.0
ID_OGSLEMN x m6,0.0
ID_7KG958E x m1,0.0
ID_7KG958E x m2,0.0
ID_7KG958E x m3,0.0
ID_7KG958E x m4,0.0
ID_7KG958E x m5,0.0
ID_7KG958E x m6,0.0
ID_8G3448Z x m1,0.0
ID_8G3448Z x m2,0.0
ID_8G3448Z x m3,0.0
ID_8G3448Z x m4,0.0
ID_8G3448Z x m5,0.0
ID_8G3448Z x m6,0.0
ID_G6G8KVT x m1,0.0
ID_G6G8KVT x m2,0.0
ID_G6G8KVT x m3,0.0
ID_G6G8KVT x m4,0.0
ID_G6G8KVT x m5,0.0
ID_G6G8KVT x m6,0.0
ID_S934CVN x m1,0.0
ID_S934CVN x m2,0.0
ID_S934CVN x m3,0.0
ID_S934CVN x m4,0.0
ID_S934CVN x m5,0.0
ID_S934CVN x m6,0.0
ID_QT80RYO x m1,0.0
ID_QT80RYO x m2,0.0
ID_QT80RYO x m3,0.0
ID_QT80RYO x m4,0.0
ID_QT80RYO x m5,0.0
ID_QT80RYO x m6,0.0
ID_CW83L09 x m1,0.0
ID_CW83L09 x m2,0.0
ID_CW83L09 x m3,0.0
ID_CW83L09 x m4,0.0
ID_CW83L09 x m5,0.0
ID_CW83L09 x m6,0.0
ID_7H8Q442 x m1,0.0
ID_7H8Q442 x m2,0.0
ID_7H8Q442 x m3,0.0
ID_7H8Q442 x m4,0.0
ID_7H8Q442 x m5,0.0
ID_7H8Q442 x m6,0.0
ID_UF4QW4K x m1,0.0
ID_UF4QW4K x m2,0.0
ID_UF4QW4K x m3,0.0
ID_UF4QW4K x m4,0.0
ID_UF4QW4K x m5,0.0
ID_UF4QW4K x m6,0.0
ID_N5QNCYY x m1,0.0
ID_N5QNCYY x m2,0.0
ID_N5QNCYY x m3,0.0
ID_N5QNCYY x m4,0.0
ID_N5QNCYY x m5,0.0
ID_N5QNCYY x m6,0.0
ID_4J1O3DT x m1,0.0
ID_4J1O3DT x m2,0.0
ID_4J1O3DT x m3,0.0
ID_4J1O3DT x m4,0.0
ID_4J1O3DT x m5,0.0
ID_4J1O3DT x m6,0.0
ID_BG9V7KN x m1,0.0
ID_BG9V7KN x m2,0.0
ID_BG9V7KN x m3,0.0
ID_BG9V7KN x m4,0.0
ID_BG9V7KN x m5,0.0
ID_BG9V7KN x m6,0.0
ID_7A3CL5Q x m1,0.0
ID_7A3CL5Q x m2,0.0
ID_7A3CL5Q x m3,0.0
ID_7A3CL5Q x m4,0.0
ID_7A3CL5Q x m5,0.0
ID_7A3CL5Q x m6,0.0
ID_X5ZJW5U x m1,0.0
ID_X5ZJW5U x m2,0.0
ID_X5ZJW5U x m3,0.0
ID_X5ZJW5U x m4,0.0
ID_X5ZJW5U x m5,0.0
ID_X5ZJW5U x m6,0.0
ID_LKYC17W x m1,0.0
ID_LKYC17W x m2,0.0
ID_LKYC17W x m3,0.0
ID_LKYC17W x m4,0.0
ID_LKYC17W x m5,0.0
ID_LKYC17W x m6,0.0
ID_JOP9ZXJ x m1,0.0
ID_JOP9ZXJ x m2,0.0
ID_JOP9ZXJ x m3,0.0
ID_JOP9ZXJ x m4,0.0
ID_JOP9ZXJ x m5,0.0
ID_JOP9ZXJ x m6,0.0
ID_3GADXK3 x m1,0.0
ID_3GADXK3 x m2,0.0
ID_3GADXK3 x m3,0.0
ID_3GADXK3 x m4,0.0
ID_3GADXK3 x m5,0.0
ID_3GADXK3 x m6,0.0
ID_VASPXPZ x m1,0.0
ID_VASPXPZ x m2,0.0
ID_VASPXPZ x m3,0.0
ID_VASPXPZ x m4,0.0
ID_VASPXPZ x m5,0.0
ID_VASPXPZ x m6,0.0
ID_MRX9HN8 x m1,0.0
ID_MRX9HN8 x m2,0.0
ID_MRX9HN8 x m3,0.0
ID_MRX9HN8 x m4,0.0
ID_MRX9HN8 x m5,0.0
ID_MRX9HN8 x m6,0.0
ID_LSQK8R2 x m1,0.0
ID_LSQK8R2 x m2,0.0
ID_LSQK8R2 x m3,0.0
ID_LSQK8R2 x m4,0.0
ID_LSQK8R2 x m5,0.0
ID_LSQK8R2 x m6,0.0
ID_MBREPRR x m1,0.0
ID_MBREPRR x m2,0.0
ID_MBREPRR x m3,0.0
ID_MBREPRR x m4,0.0
ID_MBREPRR x m5,0.0
ID_MBREPRR x m6,0.0
ID_T5IJI66 x m1,0.0
ID_T5IJI66 x m2,0.0
ID_T5IJI66 x m3,0.0
ID_T5IJI66 x m4,0.0
ID_T5IJI66 x m5,0.0
ID_T5IJI66 x m6,0.0
ID_KNT6R3Z x m1,0.0
ID_KNT6R3Z x m2,0.0
ID_KNT6R3Z x m3,0.0
ID_KNT6R3Z x m4,0.0
ID_KNT6R3Z x m5,0.0
ID_KNT6R3Z x m6,0.0
ID_JQ6J36V x m1,0.0
ID_JQ6J36V x m2,0.0
ID_JQ6J36V x m3,0.0
ID_JQ6J36V x m4,0.0
ID_JQ6J36V x m5,0.0
ID_JQ6J36V x m6,0.0
ID_AH4X6MQ x m1,0.0
ID_AH4X6MQ x m2,0.0
ID_AH4X6MQ x m3,0.0
ID_AH4X6MQ x m4,0.0
ID_AH4X6MQ x m5,0.0
ID_AH4X6MQ x m6,0.0
ID_22453RO x m1,0.0
ID_22453RO x m2,0.0
ID_22453RO x m3,0.0
ID_22453RO x m4,0.0
ID_22453RO x m5,0.0
ID_22453RO x m6,0.0
ID_WD61LFS x m1,0.0
ID_WD61LFS x m2,0.0
ID_WD61LFS x m3,0.0
ID_WD61LFS x m4,0.0
ID_WD61LFS x m5,0.0
ID_WD61LFS x m6,0.0
ID_9XR4YQT x m1,0.0
ID_9XR4YQT x m2,0.0
ID_9XR4YQT x m3,0.0
ID_9XR4YQT x m4,0.0
ID_9XR4YQT x m5,0.0
ID_9XR4YQT x m6,0.0
ID_YSHNX12 x m1,0.0
ID_YSHNX12 x m2,0.0
ID_YSHNX12 x m3,0.0
ID_YSHNX12 x m4,0.0
ID_YSHNX12 x m5,0.0
ID_YSHNX12 x m6,0.0
ID_N3Z1E1Q x m1,0.0
ID_N3Z1E1Q x m2,0.0
ID_N3Z1E1Q x m3,0.0
ID_N3Z1E1Q x m4,0.0
ID_N3Z1E1Q x m5,0.0
ID_N3Z1E1Q x m6,0.0
ID_LW3P2YW x m1,0.0
ID_LW3P2YW x m2,0.0
ID_LW3P2YW x m3,0.0
ID_LW3P2YW x m4,0.0
ID_LW3P2YW x m5,0.0
ID_LW3P2YW x m6,0.0
ID_W6P94O3 x m1,0.0
ID_W6P94O3 x m2,0.0
ID_W6P94O3 x m3,0.0
ID_W6P94O3 x m4,0.0
ID_W6P94O3 x m5,0.0
ID_W6P94O3 x m6,0.0
ID_XC0DS8G x m1,0.0
ID_XC0DS8G x m2,0.0
ID_XC0DS8G x m3,0.0
ID_XC0DS8G x m4,0.0
ID_XC0DS8G x m5,0.0
ID_XC0DS8G x m6,0.0
ID_F6LWG9H x m1,0.0
ID_F6LWG9H x m2,0.0
ID_F6LWG9H x m3,0.0
ID_F6LWG9H x m4,0.0
ID_F6LWG9H x m5,0.0
ID_F6LWG9H x m6,0.0
ID_1FYLB25 x m1,0.0
ID_1FYLB25 x m2,0.0
ID_1FYLB25 x m3,0.0
ID_1FYLB25 x m4,0.0
ID_1FYLB25 x m5,0.0
ID_1FYLB25 x m6,0.0
ID_YNPMA0F x m1,0.0
ID_YNPMA0F x m2,0.0
ID_YNPMA0F x m3,0.0
ID_YNPMA0F x m4,0.0
ID_YNPMA0F x m5,0.0
ID_YNPMA0F x m6,0.0
ID_0K5FXRJ x m1,0.0
ID_0K5FXRJ x m2,0.0
ID_0K5FXRJ x m3,0.0
ID_0K5FXRJ x m4,0.0
ID_0K5FXRJ x m5,0.0
ID_0K5FXRJ x m6,0.0
ID_PLQLPCI x m1,0.0
ID_PLQLPCI x m2,0.0
ID_PLQLPCI x m3,0.0
ID_PLQLPCI x m4,0.0
ID_PLQLPCI x m5,0.0
ID_PLQLPCI x m6,0.0
ID_L41VB1P x m1,0.0
ID_L41VB1P x m2,0.0
ID_L41VB1P x m3,0.0
ID_L41VB1P x m4,0.0
ID_L41VB1P x m5,0.0
ID_L41VB1P x m6,0.0
ID_WN11RBZ x m1,0.0
ID_WN11RBZ x m2,0.0
ID_WN11RBZ x m3,0.0
ID_WN11RBZ x m4,0.0
ID_WN11RBZ x m5,0.0
ID_WN11RBZ x m6,0.0
ID_THJ63MQ x m1,0.0
ID_THJ63MQ x m2,0.0
ID_THJ63MQ x m3,0.0
ID_THJ63MQ x m4,0.0
ID_THJ63MQ x m5,0.0
ID_THJ63MQ x m6,0.0
ID_1YWGCAY x m1,0.0
ID_1YWGCAY x m2,0.0
ID_1YWGCAY x m3,0.0
ID_1YWGCAY x m4,0.0
ID_1YWGCAY x m5,0.0
ID_1YWGCAY x m6,0.0
ID_AZKV1GO x m1,0.0
ID_AZKV1GO x m2,0.0
ID_AZKV1GO x m3,0.0
ID_AZKV1GO x m4,0.0
ID_AZKV1GO x m5,0.0
ID_AZKV1GO x m6,0.0
ID_W0I1GEK x m1,0.0
ID_W0I1GEK x m2,0.0
ID_W0I1GEK x m3,0.0
ID_W0I1GEK x m4,0.0
ID_W0I1GEK x m5,0.0
ID_W0I1GEK x m6,0.0
ID_DDW3A8L x m1,0.0
ID_DDW3A8L x m2,0.0
ID_DDW3A8L x m3,0.0
ID_DDW3A8L x m4,0.0
ID_DDW3A8L x m5,0.0
ID_DDW3A8L x m6,0.0
ID_52E1SXJ x m1,0.0
ID_52E1SXJ x m2,0.0
ID_52E1SXJ x m3,0.0
ID_52E1SXJ x m4,0.0
ID_52E1SXJ x m5,0.0
ID_52E1SXJ x m6,0.0
ID_3C5IVJV x m1,0.0
ID_3C5IVJV x m2,0.0
ID_3C5IVJV x m3,0.0
ID_3C5IVJV x m4,0.0
ID_3C5IVJV x m5,0.0
ID_3C5IVJV x m6,0.0
ID_0SYHHEJ x m1,0.0
ID_0SYHHEJ x m2,0.0
ID_0SYHHEJ x m3,0.0
ID_0SYHHEJ x m4,0.0
ID_0SYHHEJ x m5,0.0
ID_0SYHHEJ x m6,0.0
ID_H4SV062 x m1,0.0
ID_H4SV062 x m2,0.0
ID_H4SV062 x m3,0.0
ID_H4SV062 x m4,0.0
ID_H4SV062 x m5,0.0
ID_H4SV062 x m6,0.0
ID_YRJ0X64 x m1,0.0
ID_YRJ0X64 x m2,0.0
ID_YRJ0X64 x m3,0.0
ID_YRJ0X64 x m4,0.0
ID_YRJ0X64 x m5,0.0
ID_YRJ0X64 x m6,0.0
ID_UF4ZE50 x m1,0.0
ID_UF4ZE50 x m2,0.0
ID_UF4ZE50 x m3,0.0
ID_UF4ZE50 x m4,0.0
ID_UF4ZE50 x m5,0.0
ID_UF4ZE50 x m6,0.0
ID_UHFS1WR x m1,0.0
ID_UHFS1WR x m2,0.0
ID_UHFS1WR x m3,0.0
ID_UHFS1WR x m4,0.0
ID_UHFS1WR x m5,0.0
ID_UHFS1WR x m6,0.0
ID_82B5MN1 x m1,0.0
ID_82B5MN1 x m2,0.0
ID_82B5MN1 x m3,0.0
ID_82B5MN1 x m4,0.0
ID_82B5MN1 x m5,0.0
ID_82B5MN1 x m6,0.0
ID_CSSEEJ1 x m1,0.0
ID_CSSEEJ1 x m2,0.0
ID_CSSEEJ1 x m3,0.0
ID_CSSEEJ1 x m4,0.0
ID_CSSEEJ1 x m5,0.0
ID_CSSEEJ1 x m6,0.0
ID_8IL5OVL x m1,0.0
ID_8IL5OVL x m2,0.0
ID_8IL5OVL x m3,0.0
ID_8IL5OVL x m4,0.0
ID_8IL5OVL x m5,0.0
ID_8IL5OVL x m6,0.0
ID_TC7XX92 x m1,0.0
ID_TC7XX92 x m2,0.0
ID_TC7XX92 x m3,0.0
ID_TC7XX92 x m4,0.0
ID_TC7XX92 x m5,0.0
ID_TC7XX92 x m6,0.0
ID_CCA32HF x m1,0.0
ID_CCA32HF x m2,0.0
ID_CCA32HF x m3,0.0
ID_CCA32HF x m4,0.0
ID_CCA32HF x m5,0.0
ID_CCA32HF x m6,0.0
ID_OEC202V x m1,0.0
ID_OEC202V x m2,0.0
ID_OEC202V x m3,0.0
ID_OEC202V x m4,0.0
ID_OEC202V x m5,0.0
ID_OEC202V x m6,0.0
ID_DGVLRDP x m1,0.0
ID_DGVLRDP x m2,0.0
ID_DGVLRDP x m3,0.0
ID_DGVLRDP x m4,0.0
ID_DGVLRDP x m5,0.0
ID_DGVLRDP x m6,0.0
ID_I308BYX x m1,0.0
ID_I308BYX x m2,0.0
ID_I308BYX x m3,0.0
ID_I308BYX x m4,0.0
ID_I308BYX x m5,0.0
ID_I308BYX x m6,0.0
ID_MHEDLQ8 x m1,0.0
ID_MHEDLQ8 x m2,0.0
ID_MHEDLQ8 x m3,0.0
ID_MHEDLQ8 x m4,0.0
ID_MHEDLQ8 x m5,0.0
ID_MHEDLQ8 x m6,0.0
ID_TQSEGJU x m1,0.0
ID_TQSEGJU x m2,0.0
ID_TQSEGJU x m3,0.0
ID_TQSEGJU x m4,0.0
ID_TQSEGJU x m5,0.0
ID_TQSEGJU x m6,0.0
ID_71M8FX0 x m1,0.0
ID_71M8FX0 x m2,0.0
ID_71M8FX0 x m3,0.0
ID_71M8FX0 x m4,0.0
ID_71M8FX0 x m5,0.0
ID_71M8FX0 x m6,0.0
ID_FJS5YP5 x m1,0.0
ID_FJS5YP5 x m2,0.0
ID_FJS5YP5 x m3,0.0
ID_FJS5YP5 x m4,0.0
ID_FJS5YP5 x m5,0.0
ID_FJS5YP5 x m6,0.0
ID_0T8V8OW x m1,0.0
ID_0T8V8OW x m2,0.0
ID_0T8V8OW x m3,0.0
ID_0T8V8OW x m4,0.0
ID_0T8V8OW x m5,0.0
ID_0T8V8OW x m6,0.0
ID_LZLBUKP x m1,0.0
ID_LZLBUKP x m2,0.0
ID_LZLBUKP x m3,0.0
ID_LZLBUKP x m4,0.0
ID_LZLBUKP x m5,0.0
ID_LZLBUKP x m6,0.0
ID_97X77BG x m1,0.0
ID_97X77BG x m2,0.0
ID_97X77BG x m3,0.0
ID_97X77BG x m4,0.0
ID_97X77BG x m5,0.0
ID_97X77BG x m6,0.0
ID_XJBNC9W x m1,0.0
ID_XJBNC9W x m2,0.0
ID_XJBNC9W x m3,0.0
ID_XJBNC9W x m4,0.0
ID_XJBNC9W x m5,0.0
ID_XJBNC9W x m6,0.0
ID_W5S7KG7 x m1,0.0
ID_W5S7KG7 x m2,0.0
ID_W5S7KG7 x m3,0.0
ID_W5S7KG7 x m4,0.0
ID_W5S7KG7 x m5,0.0
ID_W5S7KG7 x m6,0.0
ID_S99E2E1 x m1,0.0
ID_S99E2E1 x m2,0.0
ID_S99E2E1 x m3,0.0
ID_S99E2E1 x m4,0.0
ID_S99E2E1 x m5,0.0
ID_S99E2E1 x m6,0.0
ID_T2DY5KZ x m1,0.0
ID_T2DY5KZ x m2,0.0
ID_T2DY5KZ x m3,0.0
ID_T2DY5KZ x m4,0.0
ID_T2DY5KZ x m5,0.0
ID_T2DY5KZ x m6,0.0
ID_AR11V3N x m1,0.0
ID_AR11V3N x m2,0.0
ID_AR11V3N x m3,0.0
ID_AR11V3N x m4,0.0
ID_AR11V3N x m5,0.0
ID_AR11V3N x m6,0.0
ID_8DP562X x m1,0.0
ID_8DP562X x m2,0.0
ID_8DP562X x m3,0.0
ID_8DP562X x m4,0.0
ID_8DP562X x m5,0.0
ID_8DP562X x m6,0.0
ID_0DKSLX6 x m1,0.0
ID_0DKSLX6 x m2,0.0
ID_0DKSLX6 x m3,0.0
ID_0DKSLX6 x m4,0.0
ID_0DKSLX6 x m5,0.0
ID_0DKSLX6 x m6,0.0
ID_MR0OBQH x m1,0.0
ID_MR0OBQH x m2,0.0
ID_MR0OBQH x m3,0.0
ID_MR0OBQH x m4,0.0
ID_MR0OBQH x m5,0.0
ID_MR0OBQH x m6,0.0
